time,digital_currency,currency,spot price,day,month,year
2013-01-01,BTC,USD,13.40,1,1,2013
2013-01-02,BTC,USD,13.32,2,1,2013
2013-01-03,BTC,USD,13.35,3,1,2013
2013-01-04,BTC,USD,13.39,4,1,2013
2013-01-05,BTC,USD,13.43,5,1,2013
2013-01-06,BTC,USD,13.44,6,1,2013
2013-01-07,BTC,USD,13.47,7,1,2013
2013-01-08,BTC,USD,13.72,8,1,2013
2013-01-09,BTC,USD,13.74,9,1,2013
2013-01-10,BTC,USD,13.99,10,1,2013
2013-01-11,BTC,USD,14.12,11,1,2013
2013-01-12,BTC,USD,14.19,12,1,2013
2013-01-13,BTC,USD,14.12,13,1,2013
2013-01-14,BTC,USD,14.20,14,1,2013
2013-01-15,BTC,USD,14.23,15,1,2013
2013-01-16,BTC,USD,14.48,16,1,2013
2013-01-17,BTC,USD,15.03,17,1,2013
2013-01-18,BTC,USD,15.71,18,1,2013
2013-01-19,BTC,USD,15.48,19,1,2013
2013-01-20,BTC,USD,15.69,20,1,2013
2013-01-21,BTC,USD,16.41,21,1,2013
2013-01-22,BTC,USD,17.08,22,1,2013
2013-01-23,BTC,USD,17.22,23,1,2013
2013-01-24,BTC,USD,18.01,24,1,2013
2013-01-25,BTC,USD,16.94,25,1,2013
2013-01-26,BTC,USD,17.07,26,1,2013
2013-01-27,BTC,USD,17.54,27,1,2013
2013-01-28,BTC,USD,18.19,28,1,2013
2013-01-29,BTC,USD,19.18,29,1,2013
2013-01-30,BTC,USD,19.45,30,1,2013
2013-01-31,BTC,USD,20.42,31,1,2013
2013-02-01,BTC,USD,20.76,1,2,2013
2013-02-02,BTC,USD,19.80,2,2,2013
2013-02-03,BTC,USD,20.15,3,2,2013
2013-02-04,BTC,USD,20.52,4,2,2013
2013-02-05,BTC,USD,20.51,5,2,2013
2013-02-06,BTC,USD,21.11,6,2,2013
2013-02-07,BTC,USD,21.55,7,2,2013
2013-02-08,BTC,USD,22.49,8,2,2013
2013-02-09,BTC,USD,23.15,9,2,2013
2013-02-10,BTC,USD,23.61,10,2,2013
2013-02-11,BTC,USD,24.10,11,2,2013
2013-02-12,BTC,USD,25.07,12,2,2013
2013-02-13,BTC,USD,25.43,13,2,2013
2013-02-14,BTC,USD,26.00,14,2,2013
2013-02-15,BTC,USD,27.02,15,2,2013
2013-02-16,BTC,USD,27.17,16,2,2013
2013-02-17,BTC,USD,26.86,17,2,2013
2013-02-18,BTC,USD,26.74,18,2,2013
2013-02-19,BTC,USD,28.31,19,2,2013
2013-02-20,BTC,USD,29.52,20,2,2013
2013-02-21,BTC,USD,29.69,21,2,2013
2013-02-22,BTC,USD,30.48,22,2,2013
2013-02-23,BTC,USD,29.26,23,2,2013
2013-02-24,BTC,USD,29.71,24,2,2013
2013-02-25,BTC,USD,30.09,25,2,2013
2013-02-26,BTC,USD,30.89,26,2,2013
2013-02-27,BTC,USD,31.23,27,2,2013
2013-02-28,BTC,USD,33.05,28,2,2013
2013-03-01,BTC,USD,34.06,1,3,2013
2013-03-02,BTC,USD,34.11,2,3,2013
2013-03-03,BTC,USD,34.16,3,3,2013
2013-03-04,BTC,USD,35.29,4,3,2013
2013-03-05,BTC,USD,39.12,5,3,2013
2013-03-06,BTC,USD,45.23,6,3,2013
2013-03-07,BTC,USD,42.55,7,3,2013
2013-03-08,BTC,USD,43.28,8,3,2013
2013-03-09,BTC,USD,45.26,9,3,2013
2013-03-10,BTC,USD,47.08,10,3,2013
2013-03-11,BTC,USD,47.57,11,3,2013
2013-03-12,BTC,USD,44.23,12,3,2013
2013-03-13,BTC,USD,46.25,13,3,2013
2013-03-14,BTC,USD,47.44,14,3,2013
2013-03-15,BTC,USD,47.16,15,3,2013
2013-03-16,BTC,USD,46.87,16,3,2013
2013-03-17,BTC,USD,47.42,17,3,2013
2013-03-18,BTC,USD,48.10,18,3,2013
2013-03-19,BTC,USD,54.71,19,3,2013
2013-03-20,BTC,USD,61.18,20,3,2013
2013-03-21,BTC,USD,68.49,21,3,2013
2013-03-22,BTC,USD,71.59,22,3,2013
2013-03-23,BTC,USD,65.63,23,3,2013
2013-03-24,BTC,USD,68.15,24,3,2013
2013-03-25,BTC,USD,73.47,25,3,2013
2013-03-26,BTC,USD,77.06,26,3,2013
2013-03-27,BTC,USD,85.51,27,3,2013
2013-03-28,BTC,USD,90.32,28,3,2013
2013-03-29,BTC,USD,89.99,29,3,2013
2013-03-30,BTC,USD,91.14,30,3,2013
2013-03-31,BTC,USD,92.89,31,3,2013
2013-04-01,BTC,USD,100.95,1,4,2013
2013-04-02,BTC,USD,107.31,2,4,2013
2013-04-03,BTC,USD,130.64,3,4,2013
2013-04-04,BTC,USD,132.21,4,4,2013
2013-04-05,BTC,USD,138.09,5,4,2013
2013-04-06,BTC,USD,142.35,6,4,2013
2013-04-07,BTC,USD,152.14,7,4,2013
2013-04-08,BTC,USD,181.56,8,4,2013
2013-04-09,BTC,USD,209.65,9,4,2013
2013-04-10,BTC,USD,218.85,10,4,2013
2013-04-11,BTC,USD,146.89,11,4,2013
2013-04-12,BTC,USD,90.86,12,4,2013
2013-04-13,BTC,USD,109.42,13,4,2013
2013-04-14,BTC,USD,91.00,14,4,2013
2013-04-15,BTC,USD,91.00,15,4,2013
2013-04-16,BTC,USD,89.89,16,4,2013
2013-04-17,BTC,USD,82.86,17,4,2013
2013-04-18,BTC,USD,94.63,18,4,2013
2013-04-19,BTC,USD,118.62,19,4,2013
2013-04-20,BTC,USD,121.08,20,4,2013
2013-04-21,BTC,USD,124.21,21,4,2013
2013-04-22,BTC,USD,122.88,22,4,2013
2013-04-23,BTC,USD,131.96,23,4,2013
2013-04-24,BTC,USD,150.81,24,4,2013
2013-04-25,BTC,USD,152.26,25,4,2013
2013-04-26,BTC,USD,134.32,26,4,2013
2013-04-27,BTC,USD,134.00,27,4,2013
2013-04-28,BTC,USD,132.70,28,4,2013
2013-04-29,BTC,USD,139.60,29,4,2013
2013-04-30,BTC,USD,142.14,30,4,2013
2013-05-01,BTC,USD,128.08,1,5,2013
2013-05-02,BTC,USD,111.48,2,5,2013
2013-05-03,BTC,USD,93.51,3,5,2013
2013-05-04,BTC,USD,104.40,4,5,2013
2013-05-05,BTC,USD,114.15,5,5,2013
2013-05-06,BTC,USD,118.78,6,5,2013
2013-05-07,BTC,USD,107.96,7,5,2013
2013-05-08,BTC,USD,112.92,8,5,2013
2013-05-09,BTC,USD,111.84,9,5,2013
2013-05-10,BTC,USD,116.48,10,5,2013
2013-05-11,BTC,USD,116.27,11,5,2013
2013-05-12,BTC,USD,115.37,12,5,2013
2013-05-13,BTC,USD,116.73,13,5,2013
2013-05-14,BTC,USD,117.60,14,5,2013
2013-05-15,BTC,USD,112.02,15,5,2013
2013-05-16,BTC,USD,114.99,16,5,2013
2013-05-17,BTC,USD,119.54,17,5,2013
2013-05-18,BTC,USD,123.49,18,5,2013
2013-05-19,BTC,USD,122.53,19,5,2013
2013-05-20,BTC,USD,122.35,20,5,2013
2013-05-21,BTC,USD,122.27,21,5,2013
2013-05-22,BTC,USD,122.75,22,5,2013
2013-05-23,BTC,USD,125.02,23,5,2013
2013-05-24,BTC,USD,128.77,24,5,2013
2013-05-25,BTC,USD,131.49,25,5,2013
2013-05-26,BTC,USD,133.39,26,5,2013
2013-05-27,BTC,USD,132.85,27,5,2013
2013-05-28,BTC,USD,128.41,28,5,2013
2013-05-29,BTC,USD,129.70,29,5,2013
2013-05-30,BTC,USD,130.45,30,5,2013
2013-05-31,BTC,USD,128.62,31,5,2013
2013-06-01,BTC,USD,128.68,1,6,2013
2013-06-02,BTC,USD,123.37,2,6,2013
2013-06-03,BTC,USD,119.56,3,6,2013
2013-06-04,BTC,USD,121.64,4,6,2013
2013-06-05,BTC,USD,121.49,5,6,2013
2013-06-06,BTC,USD,121.13,6,6,2013
2013-06-07,BTC,USD,114.21,7,6,2013
2013-06-08,BTC,USD,109.26,8,6,2013
2013-06-09,BTC,USD,99.95,9,6,2013
2013-06-10,BTC,USD,104.53,10,6,2013
2013-06-11,BTC,USD,106.93,11,6,2013
2013-06-12,BTC,USD,108.96,12,6,2013
2013-06-13,BTC,USD,108.34,13,6,2013
2013-06-14,BTC,USD,101.70,14,6,2013
2013-06-15,BTC,USD,100.58,15,6,2013
2013-06-16,BTC,USD,99.99,16,6,2013
2013-06-17,BTC,USD,101.01,17,6,2013
2013-06-18,BTC,USD,105.20,18,6,2013
2013-06-19,BTC,USD,107.74,19,6,2013
2013-06-20,BTC,USD,110.23,20,6,2013
2013-06-21,BTC,USD,110.52,21,6,2013
2013-06-22,BTC,USD,108.62,22,6,2013
2013-06-23,BTC,USD,107.55,23,6,2013
2013-06-24,BTC,USD,104.26,24,6,2013
2013-06-25,BTC,USD,104.08,25,6,2013
2013-06-26,BTC,USD,104.21,26,6,2013
2013-06-27,BTC,USD,102.76,27,6,2013
2013-06-28,BTC,USD,97.46,28,6,2013
2013-06-29,BTC,USD,96.35,29,6,2013
2013-06-30,BTC,USD,96.40,30,6,2013
2013-07-01,BTC,USD,94.05,1,7,2013
2013-07-02,BTC,USD,89.99,2,7,2013
2013-07-03,BTC,USD,86.47,3,7,2013
2013-07-04,BTC,USD,79.23,4,7,2013
2013-07-05,BTC,USD,73.69,5,7,2013
2013-07-06,BTC,USD,69.61,6,7,2013
2013-07-07,BTC,USD,69.50,7,7,2013
2013-07-08,BTC,USD,77.14,8,7,2013
2013-07-09,BTC,USD,75.77,9,7,2013
2013-07-10,BTC,USD,78.75,10,7,2013
2013-07-11,BTC,USD,87.06,11,7,2013
2013-07-12,BTC,USD,95.90,12,7,2013
2013-07-13,BTC,USD,92.98,13,7,2013
2013-07-14,BTC,USD,95.74,14,7,2013
2013-07-15,BTC,USD,96.95,15,7,2013
2013-07-16,BTC,USD,97.98,16,7,2013
2013-07-17,BTC,USD,98.07,17,7,2013
2013-07-18,BTC,USD,91.91,18,7,2013
2013-07-19,BTC,USD,90.59,19,7,2013
2013-07-20,BTC,USD,91.85,20,7,2013
2013-07-21,BTC,USD,89.63,21,7,2013
2013-07-22,BTC,USD,91.11,22,7,2013
2013-07-23,BTC,USD,93.61,23,7,2013
2013-07-24,BTC,USD,90.26,24,7,2013
2013-07-25,BTC,USD,91.29,25,7,2013
2013-07-26,BTC,USD,91.89,26,7,2013
2013-07-27,BTC,USD,90.04,27,7,2013
2013-07-28,BTC,USD,90.99,28,7,2013
2013-07-29,BTC,USD,93.77,29,7,2013
2013-07-30,BTC,USD,94.46,30,7,2013
2013-07-31,BTC,USD,99.13,31,7,2013
2013-08-01,BTC,USD,97.64,1,8,2013
2013-08-02,BTC,USD,97.26,2,8,2013
2013-08-03,BTC,USD,96.42,3,8,2013
2013-08-04,BTC,USD,96.64,4,8,2013
2013-08-05,BTC,USD,97.94,5,8,2013
2013-08-06,BTC,USD,98.35,6,8,2013
2013-08-07,BTC,USD,97.52,7,8,2013
2013-08-08,BTC,USD,95.59,8,8,2013
2013-08-09,BTC,USD,93.87,9,8,2013
2013-08-10,BTC,USD,93.68,10,8,2013
2013-08-11,BTC,USD,94.41,11,8,2013
2013-08-12,BTC,USD,94.76,12,8,2013
2013-08-13,BTC,USD,96.26,13,8,2013
2013-08-14,BTC,USD,98.82,14,8,2013
2013-08-15,BTC,USD,98.77,15,8,2013
2013-08-16,BTC,USD,98.92,16,8,2013
2013-08-17,BTC,USD,98.50,17,8,2013
2013-08-18,BTC,USD,99.04,18,8,2013
2013-08-19,BTC,USD,102.00,19,8,2013
2013-08-20,BTC,USD,103.71,20,8,2013
2013-08-21,BTC,USD,107.73,21,8,2013
2013-08-22,BTC,USD,111.43,22,8,2013
2013-08-23,BTC,USD,108.20,23,8,2013
2013-08-24,BTC,USD,108.24,24,8,2013
2013-08-25,BTC,USD,111.21,25,8,2013
2013-08-26,BTC,USD,112.36,26,8,2013
2013-08-27,BTC,USD,116.92,27,8,2013
2013-08-28,BTC,USD,118.44,28,8,2013
2013-08-29,BTC,USD,118.55,29,8,2013
2013-08-30,BTC,USD,120.89,30,8,2013
2013-08-31,BTC,USD,128.30,31,8,2013
2013-09-01,BTC,USD,130.59,1,9,2013
2013-09-02,BTC,USD,131.00,2,9,2013
2013-09-03,BTC,USD,130.13,3,9,2013
2013-09-04,BTC,USD,127.89,4,9,2013
2013-09-05,BTC,USD,121.75,5,9,2013
2013-09-06,BTC,USD,121.31,6,9,2013
2013-09-07,BTC,USD,118.69,7,9,2013
2013-09-08,BTC,USD,118.90,8,9,2013
2013-09-09,BTC,USD,119.43,9,9,2013
2013-09-10,BTC,USD,122.92,10,9,2013
2013-09-11,BTC,USD,123.01,11,9,2013
2013-09-12,BTC,USD,126.85,12,9,2013
2013-09-13,BTC,USD,127.57,13,9,2013
2013-09-14,BTC,USD,126.26,14,9,2013
2013-09-15,BTC,USD,124.76,15,9,2013
2013-09-16,BTC,USD,125.88,16,9,2013
2013-09-17,BTC,USD,126.71,17,9,2013
2013-09-18,BTC,USD,127.35,18,9,2013
2013-09-19,BTC,USD,126.05,19,9,2013
2013-09-20,BTC,USD,124.02,20,9,2013
2013-09-21,BTC,USD,123.34,21,9,2013
2013-09-22,BTC,USD,123.05,22,9,2013
2013-09-23,BTC,USD,123.21,23,9,2013
2013-09-24,BTC,USD,122.91,24,9,2013
2013-09-25,BTC,USD,124.32,25,9,2013
2013-09-26,BTC,USD,124.23,26,9,2013
2013-09-27,BTC,USD,125.59,27,9,2013
2013-09-28,BTC,USD,126.50,28,9,2013
2013-09-29,BTC,USD,127.42,29,9,2013
2013-09-30,BTC,USD,126.20,30,9,2013
2013-10-01,BTC,USD,127.03,1,10,2013
2013-10-02,BTC,USD,121.09,2,10,2013
2013-10-03,BTC,USD,112.65,3,10,2013
2013-10-04,BTC,USD,120.82,4,10,2013
2013-10-05,BTC,USD,121.71,5,10,2013
2013-10-06,BTC,USD,121.94,6,10,2013
2013-10-07,BTC,USD,123.28,7,10,2013
2013-10-08,BTC,USD,123.84,8,10,2013
2013-10-09,BTC,USD,125.19,9,10,2013
2013-10-10,BTC,USD,126.01,10,10,2013
2013-10-11,BTC,USD,126.79,11,10,2013
2013-10-12,BTC,USD,127.51,12,10,2013
2013-10-13,BTC,USD,129.28,13,10,2013
2013-10-14,BTC,USD,135.30,14,10,2013
2013-10-15,BTC,USD,137.33,15,10,2013
2013-10-16,BTC,USD,143.74,16,10,2013
2013-10-17,BTC,USD,141.86,17,10,2013
2013-10-18,BTC,USD,147.90,18,10,2013
2013-10-19,BTC,USD,162.44,19,10,2013
2013-10-20,BTC,USD,166.31,20,10,2013
2013-10-21,BTC,USD,175.96,21,10,2013
2013-10-22,BTC,USD,191.94,22,10,2013
2013-10-23,BTC,USD,197.85,23,10,2013
2013-10-24,BTC,USD,195.89,24,10,2013
2013-10-25,BTC,USD,183.31,25,10,2013
2013-10-26,BTC,USD,183.38,26,10,2013
2013-10-27,BTC,USD,188.05,27,10,2013
2013-10-28,BTC,USD,197.05,28,10,2013
2013-10-29,BTC,USD,200.26,29,10,2013
2013-10-30,BTC,USD,202.90,30,10,2013
2013-10-31,BTC,USD,203.87,31,10,2013
2013-11-01,BTC,USD,206.50,1,11,2013
2013-11-02,BTC,USD,208.02,2,11,2013
2013-11-03,BTC,USD,210.24,3,11,2013
2013-11-04,BTC,USD,224.76,4,11,2013
2013-11-05,BTC,USD,243.38,5,11,2013
2013-11-06,BTC,USD,262.97,6,11,2013
2013-11-07,BTC,USD,287.71,7,11,2013
2013-11-08,BTC,USD,316.93,8,11,2013
2013-11-09,BTC,USD,341.95,9,11,2013
2013-11-10,BTC,USD,305.13,10,11,2013
2013-11-11,BTC,USD,334.54,11,11,2013
2013-11-12,BTC,USD,351.82,12,11,2013
2013-11-13,BTC,USD,382.25,13,11,2013
2013-11-14,BTC,USD,418.88,14,11,2013
2013-11-15,BTC,USD,421.25,15,11,2013
2013-11-16,BTC,USD,436.37,16,11,2013
2013-11-17,BTC,USD,472.20,17,11,2013
2013-11-18,BTC,USD,555.98,18,11,2013
2013-11-19,BTC,USD,626.62,19,11,2013
2013-11-20,BTC,USD,542.26,20,11,2013
2013-11-21,BTC,USD,660.85,21,11,2013
2013-11-22,BTC,USD,744.41,22,11,2013
2013-11-23,BTC,USD,837.24,23,11,2013
2013-11-24,BTC,USD,807.25,24,11,2013
2013-11-25,BTC,USD,813.36,25,11,2013
2013-11-26,BTC,USD,843.26,26,11,2013
2013-11-27,BTC,USD,934.18,27,11,2013
2013-11-28,BTC,USD,1014.18,28,11,2013
2013-11-29,BTC,USD,1073.16,29,11,2013
2013-11-30,BTC,USD,1145.46,30,11,2013
2013-12-01,BTC,USD,1019.89,1,12,2013
2013-12-02,BTC,USD,1012.05,2,12,2013
2013-12-03,BTC,USD,1045.47,3,12,2013
2013-12-04,BTC,USD,1092.27,4,12,2013
2013-12-05,BTC,USD,1046.48,5,12,2013
2013-12-06,BTC,USD,946.88,6,12,2013
2013-12-07,BTC,USD,726.74,7,12,2013
2013-12-08,BTC,USD,733.67,8,12,2013
2013-12-09,BTC,USD,868.92,9,12,2013
2013-12-10,BTC,USD,939.20,10,12,2013
2013-12-11,BTC,USD,910.59,11,12,2013
2013-12-12,BTC,USD,865.22,12,12,2013
2013-12-13,BTC,USD,881.75,13,12,2013
2013-12-14,BTC,USD,863.47,14,12,2013
2013-12-15,BTC,USD,841.30,15,12,2013
2013-12-16,BTC,USD,791.62,16,12,2013
2013-12-17,BTC,USD,694.64,17,12,2013
2013-12-18,BTC,USD,568.68,18,12,2013
2013-12-19,BTC,USD,617.84,19,12,2013
2013-12-20,BTC,USD,673.82,20,12,2013
2013-12-21,BTC,USD,609.94,21,12,2013
2013-12-22,BTC,USD,627.80,22,12,2013
2013-12-23,BTC,USD,636.66,23,12,2013
2013-12-24,BTC,USD,652.57,24,12,2013
2013-12-25,BTC,USD,658.34,25,12,2013
2013-12-26,BTC,USD,717.20,26,12,2013
2013-12-27,BTC,USD,729.30,27,12,2013
2013-12-28,BTC,USD,722.29,28,12,2013
2013-12-29,BTC,USD,716.40,29,12,2013
2013-12-30,BTC,USD,734.95,30,12,2013
2013-12-31,BTC,USD,730.04,31,12,2013
2014-01-01,BTC,USD,746.57,1,1,2014
2014-01-02,BTC,USD,758.69,2,1,2014
2014-01-03,BTC,USD,797.51,3,1,2014
2014-01-04,BTC,USD,812.82,4,1,2014
2014-01-05,BTC,USD,867.40,5,1,2014
2014-01-06,BTC,USD,939.67,6,1,2014
2014-01-07,BTC,USD,887.99,7,1,2014
2014-01-08,BTC,USD,815.31,8,1,2014
2014-01-09,BTC,USD,822.45,9,1,2014
2014-01-10,BTC,USD,825.13,10,1,2014
2014-01-11,BTC,USD,878.96,11,1,2014
2014-01-12,BTC,USD,865.95,12,1,2014
2014-01-13,BTC,USD,819.83,13,1,2014
2014-01-14,BTC,USD,824.01,14,1,2014
2014-01-15,BTC,USD,834.91,15,1,2014
2014-01-16,BTC,USD,834.03,16,1,2014
2014-01-17,BTC,USD,801.23,17,1,2014
2014-01-18,BTC,USD,807.79,18,1,2014
2014-01-19,BTC,USD,814.66,19,1,2014
2014-01-20,BTC,USD,832.68,20,1,2014
2014-01-21,BTC,USD,822.42,21,1,2014
2014-01-22,BTC,USD,818.27,22,1,2014
2014-01-23,BTC,USD,815.28,23,1,2014
2014-01-24,BTC,USD,789.77,24,1,2014
2014-01-25,BTC,USD,796.51,25,1,2014
2014-01-26,BTC,USD,813.15,26,1,2014
2014-01-27,BTC,USD,802.18,27,1,2014
2014-01-28,BTC,USD,779.64,28,1,2014
2014-01-29,BTC,USD,794.76,29,1,2014
2014-01-30,BTC,USD,792.74,30,1,2014
2014-01-31,BTC,USD,802.64,31,1,2014
2014-02-01,BTC,USD,812.73,1,2,2014
2014-02-02,BTC,USD,819.43,2,2,2014
2014-02-03,BTC,USD,810.28,3,2,2014
2014-02-04,BTC,USD,805.83,4,2,2014
2014-02-05,BTC,USD,803.16,5,2,2014
2014-02-06,BTC,USD,780.82,6,2,2014
2014-02-07,BTC,USD,724.08,7,2,2014
2014-02-08,BTC,USD,717.66,8,2,2014
2014-02-09,BTC,USD,718.40,9,2,2014
2014-02-10,BTC,USD,688.27,10,2,2014
2014-02-11,BTC,USD,695.23,11,2,2014
2014-02-12,BTC,USD,668.31,12,2,2014
2014-02-13,BTC,USD,647.36,13,2,2014
2014-02-14,BTC,USD,635.79,14,2,2014
2014-02-15,BTC,USD,656.64,15,2,2014
2014-02-16,BTC,USD,640.21,16,2,2014
2014-02-17,BTC,USD,635.22,17,2,2014
2014-02-18,BTC,USD,633.91,18,2,2014
2014-02-19,BTC,USD,627.79,19,2,2014
2014-02-20,BTC,USD,601.74,20,2,2014
2014-02-21,BTC,USD,569.67,21,2,2014
2014-02-22,BTC,USD,585.21,22,2,2014
2014-02-23,BTC,USD,622.84,23,2,2014
2014-02-24,BTC,USD,568.37,24,2,2014
2014-02-25,BTC,USD,510.52,25,2,2014
2014-02-26,BTC,USD,584.28,26,2,2014
2014-02-27,BTC,USD,588.34,27,2,2014
2014-02-28,BTC,USD,575.83,28,2,2014
2014-03-01,BTC,USD,568.30,1,3,2014
2014-03-02,BTC,USD,567.67,2,3,2014
2014-03-03,BTC,USD,611.39,3,3,2014
2014-03-04,BTC,USD,681.83,4,3,2014
2014-03-05,BTC,USD,668.03,5,3,2014
2014-03-06,BTC,USD,667.50,6,3,2014
2014-03-07,BTC,USD,645.26,7,3,2014
2014-03-08,BTC,USD,622.72,8,3,2014
2014-03-09,BTC,USD,630.47,9,3,2014
2014-03-10,BTC,USD,632.29,10,3,2014
2014-03-11,BTC,USD,628.44,11,3,2014
2014-03-12,BTC,USD,640.03,12,3,2014
2014-03-13,BTC,USD,643.19,13,3,2014
2014-03-14,BTC,USD,636.69,14,3,2014
2014-03-15,BTC,USD,635.83,15,3,2014
2014-03-16,BTC,USD,636.08,16,3,2014
2014-03-17,BTC,USD,628.62,17,3,2014
2014-03-18,BTC,USD,616.02,18,3,2014
2014-03-19,BTC,USD,613.99,19,3,2014
2014-03-20,BTC,USD,596.83,20,3,2014
2014-03-21,BTC,USD,583.06,21,3,2014
2014-03-22,BTC,USD,564.24,22,3,2014
2014-03-23,BTC,USD,565.85,23,3,2014
2014-03-24,BTC,USD,565.22,24,3,2014
2014-03-25,BTC,USD,579.79,25,3,2014
2014-03-26,BTC,USD,582.08,26,3,2014
2014-03-27,BTC,USD,543.99,27,3,2014
2014-03-28,BTC,USD,507.01,28,3,2014
2014-03-29,BTC,USD,502.43,29,3,2014
2014-03-30,BTC,USD,471.15,30,3,2014
2014-03-31,BTC,USD,459.97,31,3,2014
2014-04-01,BTC,USD,477.34,1,4,2014
2014-04-02,BTC,USD,467.26,2,4,2014
2014-04-03,BTC,USD,436.71,3,4,2014
2014-04-04,BTC,USD,446.09,4,4,2014
2014-04-05,BTC,USD,452.87,5,4,2014
2014-04-06,BTC,USD,460.12,6,4,2014
2014-04-07,BTC,USD,455.90,7,4,2014
2014-04-08,BTC,USD,454.05,8,4,2014
2014-04-09,BTC,USD,449.46,9,4,2014
2014-04-10,BTC,USD,409.24,10,4,2014
2014-04-11,BTC,USD,407.23,11,4,2014
2014-04-12,BTC,USD,428.27,12,4,2014
2014-04-13,BTC,USD,418.86,13,4,2014
2014-04-14,BTC,USD,447.92,14,4,2014
2014-04-15,BTC,USD,488.78,15,4,2014
2014-04-16,BTC,USD,519.14,16,4,2014
2014-04-17,BTC,USD,509.18,17,4,2014
2014-04-18,BTC,USD,489.46,18,4,2014
2014-04-19,BTC,USD,495.16,19,4,2014
2014-04-20,BTC,USD,505.66,20,4,2014
2014-04-21,BTC,USD,503.16,21,4,2014
2014-04-22,BTC,USD,496.46,22,4,2014
2014-04-23,BTC,USD,490.85,23,4,2014
2014-04-24,BTC,USD,490.21,24,4,2014
2014-04-25,BTC,USD,466.02,25,4,2014
2014-04-26,BTC,USD,458.79,26,4,2014
2014-04-27,BTC,USD,454.27,27,4,2014
2014-04-28,BTC,USD,439.32,28,4,2014
2014-04-29,BTC,USD,446.54,29,4,2014
2014-04-30,BTC,USD,447.13,30,4,2014
2014-05-01,BTC,USD,457.49,1,5,2014
2014-05-02,BTC,USD,453.05,2,5,2014
2014-05-03,BTC,USD,443.66,3,5,2014
2014-05-04,BTC,USD,437.74,4,5,2014
2014-05-05,BTC,USD,433.84,5,5,2014
2014-05-06,BTC,USD,429.37,6,5,2014
2014-05-07,BTC,USD,438.63,7,5,2014
2014-05-08,BTC,USD,444.29,8,5,2014
2014-05-09,BTC,USD,447.79,9,5,2014
2014-05-10,BTC,USD,453.19,10,5,2014
2014-05-11,BTC,USD,445.37,11,5,2014
2014-05-12,BTC,USD,440.01,12,5,2014
2014-05-13,BTC,USD,439.07,13,5,2014
2014-05-14,BTC,USD,443.48,14,5,2014
2014-05-15,BTC,USD,448.70,15,5,2014
2014-05-16,BTC,USD,448.46,16,5,2014
2014-05-17,BTC,USD,449.52,17,5,2014
2014-05-18,BTC,USD,448.04,18,5,2014
2014-05-19,BTC,USD,446.97,19,5,2014
2014-05-20,BTC,USD,468.81,20,5,2014
2014-05-21,BTC,USD,495.32,21,5,2014
2014-05-22,BTC,USD,512.42,22,5,2014
2014-05-23,BTC,USD,532.12,23,5,2014
2014-05-24,BTC,USD,523.27,24,5,2014
2014-05-25,BTC,USD,564.12,25,5,2014
2014-05-26,BTC,USD,583.44,26,5,2014
2014-05-27,BTC,USD,576.78,27,5,2014
2014-05-28,BTC,USD,575.60,28,5,2014
2014-05-29,BTC,USD,570.41,29,5,2014
2014-05-30,BTC,USD,595.67,30,5,2014
2014-05-31,BTC,USD,622.98,31,5,2014
2014-06-01,BTC,USD,647.14,1,6,2014
2014-06-02,BTC,USD,638.45,2,6,2014
2014-06-03,BTC,USD,666.45,3,6,2014
2014-06-04,BTC,USD,644.47,4,6,2014
2014-06-05,BTC,USD,653.91,5,6,2014
2014-06-06,BTC,USD,658.41,6,6,2014
2014-06-07,BTC,USD,653.58,7,6,2014
2014-06-08,BTC,USD,656.72,8,6,2014
2014-06-09,BTC,USD,650.68,9,6,2014
2014-06-10,BTC,USD,650.64,10,6,2014
2014-06-11,BTC,USD,639.98,11,6,2014
2014-06-12,BTC,USD,618.67,12,6,2014
2014-06-13,BTC,USD,590.64,13,6,2014
2014-06-14,BTC,USD,571.99,14,6,2014
2014-06-15,BTC,USD,566.10,15,6,2014
2014-06-16,BTC,USD,597.45,16,6,2014
2014-06-17,BTC,USD,596.17,17,6,2014
2014-06-18,BTC,USD,608.27,18,6,2014
2014-06-19,BTC,USD,605.47,19,6,2014
2014-06-20,BTC,USD,592.26,20,6,2014
2014-06-21,BTC,USD,590.33,21,6,2014
2014-06-22,BTC,USD,600.31,22,6,2014
2014-06-23,BTC,USD,591.33,23,6,2014
2014-06-24,BTC,USD,586.51,24,6,2014
2014-06-25,BTC,USD,569.62,25,6,2014
2014-06-26,BTC,USD,570.52,26,6,2014
2014-06-27,BTC,USD,585.44,27,6,2014
2014-06-28,BTC,USD,598.09,28,6,2014
2014-06-29,BTC,USD,597.11,29,6,2014
2014-06-30,BTC,USD,622.08,30,6,2014
2014-07-01,BTC,USD,649.23,1,7,2014
2014-07-02,BTC,USD,648.38,2,7,2014
2014-07-03,BTC,USD,647.63,3,7,2014
2014-07-04,BTC,USD,638.42,4,7,2014
2014-07-05,BTC,USD,631.42,5,7,2014
2014-07-06,BTC,USD,633.86,6,7,2014
2014-07-07,BTC,USD,628.09,7,7,2014
2014-07-08,BTC,USD,623.81,8,7,2014
2014-07-09,BTC,USD,624.24,9,7,2014
2014-07-10,BTC,USD,618.28,10,7,2014
2014-07-11,BTC,USD,625.54,11,7,2014
2014-07-12,BTC,USD,635.03,12,7,2014
2014-07-13,BTC,USD,633.42,13,7,2014
2014-07-14,BTC,USD,624.50,14,7,2014
2014-07-15,BTC,USD,623.43,15,7,2014
2014-07-16,BTC,USD,620.22,16,7,2014
2014-07-17,BTC,USD,619.40,17,7,2014
2014-07-18,BTC,USD,625.26,18,7,2014
2014-07-19,BTC,USD,629.25,19,7,2014
2014-07-20,BTC,USD,625.16,20,7,2014
2014-07-21,BTC,USD,621.30,21,7,2014
2014-07-22,BTC,USD,622.66,22,7,2014
2014-07-23,BTC,USD,620.94,23,7,2014
2014-07-24,BTC,USD,610.74,24,7,2014
2014-07-25,BTC,USD,601.96,25,7,2014
2014-07-26,BTC,USD,595.53,26,7,2014
2014-07-27,BTC,USD,595.46,27,7,2014
2014-07-28,BTC,USD,584.93,28,7,2014
2014-07-29,BTC,USD,584.62,29,7,2014
2014-07-30,BTC,USD,576.20,30,7,2014
2014-07-31,BTC,USD,575.53,31,7,2014
2014-08-01,BTC,USD,593.33,1,8,2014
2014-08-02,BTC,USD,593.11,2,8,2014
2014-08-03,BTC,USD,585.53,3,8,2014
2014-08-04,BTC,USD,588.16,4,8,2014
2014-08-05,BTC,USD,583.40,5,8,2014
2014-08-06,BTC,USD,581.73,6,8,2014
2014-08-07,BTC,USD,584.52,7,8,2014
2014-08-08,BTC,USD,590.54,8,8,2014
2014-08-09,BTC,USD,588.04,9,8,2014
2014-08-10,BTC,USD,589.55,10,8,2014
2014-08-11,BTC,USD,585.00,11,8,2014
2014-08-12,BTC,USD,568.70,12,8,2014
2014-08-13,BTC,USD,552.45,13,8,2014
2014-08-14,BTC,USD,519.89,14,8,2014
2014-08-15,BTC,USD,508.42,15,8,2014
2014-08-16,BTC,USD,503.35,16,8,2014
2014-08-17,BTC,USD,505.50,17,8,2014
2014-08-18,BTC,USD,478.64,18,8,2014
2014-08-19,BTC,USD,480.46,19,8,2014
2014-08-20,BTC,USD,493.93,20,8,2014
2014-08-21,BTC,USD,522.33,21,8,2014
2014-08-22,BTC,USD,514.23,22,8,2014
2014-08-23,BTC,USD,504.54,23,8,2014
2014-08-24,BTC,USD,504.14,24,8,2014
2014-08-25,BTC,USD,503.19,25,8,2014
2014-08-26,BTC,USD,509.10,26,8,2014
2014-08-27,BTC,USD,516.39,27,8,2014
2014-08-28,BTC,USD,510.34,28,8,2014
2014-08-29,BTC,USD,507.91,29,8,2014
2014-08-30,BTC,USD,503.91,30,8,2014
2014-08-31,BTC,USD,490.22,31,8,2014
2014-09-01,BTC,USD,480.33,1,9,2014
2014-09-02,BTC,USD,478.06,2,9,2014
2014-09-03,BTC,USD,475.92,3,9,2014
2014-09-04,BTC,USD,481.62,4,9,2014
2014-09-05,BTC,USD,484.19,5,9,2014
2014-09-06,BTC,USD,480.85,6,9,2014
2014-09-07,BTC,USD,480.42,7,9,2014
2014-09-08,BTC,USD,469.08,8,9,2014
2014-09-09,BTC,USD,467.02,9,9,2014
2014-09-10,BTC,USD,480.65,10,9,2014
2014-09-11,BTC,USD,475.77,11,9,2014
2014-09-12,BTC,USD,472.69,12,9,2014
2014-09-13,BTC,USD,475.29,13,9,2014
2014-09-14,BTC,USD,477.02,14,9,2014
2014-09-15,BTC,USD,475.68,15,9,2014
2014-09-16,BTC,USD,469.12,16,9,2014
2014-09-17,BTC,USD,456.59,17,9,2014
2014-09-18,BTC,USD,438.53,18,9,2014
2014-09-19,BTC,USD,406.70,19,9,2014
2014-09-20,BTC,USD,412.13,20,9,2014
2014-09-21,BTC,USD,403.98,21,9,2014
2014-09-22,BTC,USD,402.72,22,9,2014
2014-09-23,BTC,USD,409.79,23,9,2014
2014-09-24,BTC,USD,429.58,24,9,2014
2014-09-25,BTC,USD,412.39,25,9,2014
2014-09-26,BTC,USD,406.00,26,9,2014
2014-09-27,BTC,USD,403.57,27,9,2014
2014-09-28,BTC,USD,392.80,28,9,2014
2014-09-29,BTC,USD,378.43,29,9,2014
2014-09-30,BTC,USD,380.40,30,9,2014
2014-10-01,BTC,USD,385.80,1,10,2014
2014-10-02,BTC,USD,379.66,2,10,2014
2014-10-03,BTC,USD,369.38,3,10,2014
2014-10-04,BTC,USD,347.85,4,10,2014
2014-10-05,BTC,USD,315.65,5,10,2014
2014-10-06,BTC,USD,323.73,6,10,2014
2014-10-07,BTC,USD,329.70,7,10,2014
2014-10-08,BTC,USD,340.19,8,10,2014
2014-10-09,BTC,USD,363.36,9,10,2014
2014-10-10,BTC,USD,363.80,10,10,2014
2014-10-11,BTC,USD,360.00,11,10,2014
2014-10-12,BTC,USD,364.01,12,10,2014
2014-10-13,BTC,USD,380.10,13,10,2014
2014-10-14,BTC,USD,403.67,14,10,2014
2014-10-15,BTC,USD,395.16,15,10,2014
2014-10-16,BTC,USD,387.10,16,10,2014
2014-10-17,BTC,USD,380.38,17,10,2014
2014-10-18,BTC,USD,385.34,18,10,2014
2014-10-19,BTC,USD,389.89,19,10,2014
2014-10-20,BTC,USD,383.79,20,10,2014
2014-10-21,BTC,USD,385.39,21,10,2014
2014-10-22,BTC,USD,384.84,22,10,2014
2014-10-23,BTC,USD,368.58,23,10,2014
2014-10-24,BTC,USD,357.88,24,10,2014
2014-10-25,BTC,USD,350.40,25,10,2014
2014-10-26,BTC,USD,352.86,26,10,2014
2014-10-27,BTC,USD,354.25,27,10,2014
2014-10-28,BTC,USD,354.61,28,10,2014
2014-10-29,BTC,USD,346.64,29,10,2014
2014-10-30,BTC,USD,339.63,30,10,2014
2014-10-31,BTC,USD,342.67,31,10,2014
2014-11-01,BTC,USD,330.12,1,11,2014
2014-11-02,BTC,USD,325.03,2,11,2014
2014-11-03,BTC,USD,328.88,3,11,2014
2014-11-04,BTC,USD,326.85,4,11,2014
2014-11-05,BTC,USD,337.80,5,11,2014
2014-11-06,BTC,USD,342.88,6,11,2014
2014-11-07,BTC,USD,345.90,7,11,2014
2014-11-08,BTC,USD,343.87,8,11,2014
2014-11-09,BTC,USD,351.80,9,11,2014
2014-11-10,BTC,USD,367.12,10,11,2014
2014-11-11,BTC,USD,367.73,11,11,2014
2014-11-12,BTC,USD,396.32,12,11,2014
2014-11-13,BTC,USD,426.88,13,11,2014
2014-11-14,BTC,USD,397.89,14,11,2014
2014-11-15,BTC,USD,387.37,15,11,2014
2014-11-16,BTC,USD,384.89,16,11,2014
2014-11-17,BTC,USD,398.19,17,11,2014
2014-11-18,BTC,USD,382.40,18,11,2014
2014-11-19,BTC,USD,379.37,19,11,2014
2014-11-20,BTC,USD,366.43,20,11,2014
2014-11-21,BTC,USD,353.06,21,11,2014
2014-11-22,BTC,USD,358.40,22,11,2014
2014-11-23,BTC,USD,360.04,23,11,2014
2014-11-24,BTC,USD,375.50,24,11,2014
2014-11-25,BTC,USD,383.23,25,11,2014
2014-11-26,BTC,USD,372.16,26,11,2014
2014-11-27,BTC,USD,371.24,27,11,2014
2014-11-28,BTC,USD,369.51,28,11,2014
2014-11-29,BTC,USD,378.00,29,11,2014
2014-11-30,BTC,USD,376.86,30,11,2014
2014-12-01,BTC,USD,378.43,1,12,2014
2014-12-02,BTC,USD,379.59,2,12,2014
2014-12-03,BTC,USD,378.75,3,12,2014
2014-12-04,BTC,USD,374.21,4,12,2014
2014-12-05,BTC,USD,371.67,5,12,2014
2014-12-06,BTC,USD,374.72,6,12,2014
2014-12-07,BTC,USD,375.84,7,12,2014
2014-12-08,BTC,USD,370.06,8,12,2014
2014-12-09,BTC,USD,353.61,9,12,2014
2014-12-10,BTC,USD,350.70,10,12,2014
2014-12-11,BTC,USD,354.08,11,12,2014
2014-12-12,BTC,USD,353.61,12,12,2014
2014-12-13,BTC,USD,350.29,13,12,2014
2014-12-14,BTC,USD,352.14,14,12,2014
2014-12-15,BTC,USD,351.97,15,12,2014
2014-12-16,BTC,USD,338.51,16,12,2014
2014-12-17,BTC,USD,325.33,17,12,2014
2014-12-18,BTC,USD,314.76,18,12,2014
2014-12-19,BTC,USD,312.99,19,12,2014
2014-12-20,BTC,USD,325.14,20,12,2014
2014-12-21,BTC,USD,325.14,21,12,2014
2014-12-22,BTC,USD,328.56,22,12,2014
2014-12-23,BTC,USD,333.58,23,12,2014
2014-12-24,BTC,USD,330.30,24,12,2014
2014-12-25,BTC,USD,320.07,25,12,2014
2014-12-26,BTC,USD,324.11,26,12,2014
2014-12-27,BTC,USD,319.46,27,12,2014
2014-12-28,BTC,USD,316.20,28,12,2014
2014-12-29,BTC,USD,315.73,29,12,2014
2014-12-30,BTC,USD,313.27,30,12,2014
2014-12-31,BTC,USD,314.42,31,12,2014
2015-01-01,BTC,USD,316.23,1,1,2015
2015-01-02,BTC,USD,315.27,2,1,2015
2015-01-03,BTC,USD,303.94,3,1,2015
2015-01-04,BTC,USD,275.77,4,1,2015
2015-01-05,BTC,USD,272.45,5,1,2015
2015-01-06,BTC,USD,277.93,6,1,2015
2015-01-07,BTC,USD,289.45,7,1,2015
2015-01-08,BTC,USD,290.66,8,1,2015
2015-01-09,BTC,USD,285.92,9,1,2015
2015-01-10,BTC,USD,281.64,10,1,2015
2015-01-11,BTC,USD,275.07,11,1,2015
2015-01-12,BTC,USD,270.93,12,1,2015
2015-01-13,BTC,USD,239.94,13,1,2015
2015-01-14,BTC,USD,198.96,14,1,2015
2015-01-15,BTC,USD,207.55,15,1,2015
2015-01-16,BTC,USD,212.32,16,1,2015
2015-01-17,BTC,USD,201.43,17,1,2015
2015-01-18,BTC,USD,206.27,18,1,2015
2015-01-19,BTC,USD,212.55,19,1,2015
2015-01-20,BTC,USD,211.49,20,1,2015
2015-01-21,BTC,USD,215.66,21,1,2015
2015-01-22,BTC,USD,233.24,22,1,2015
2015-01-23,BTC,USD,230.30,23,1,2015
2015-01-24,BTC,USD,238.30,24,1,2015
2015-01-25,BTC,USD,249.36,25,1,2015
2015-01-26,BTC,USD,283.45,26,1,2015
2015-01-27,BTC,USD,260.50,27,1,2015
2015-01-28,BTC,USD,253.59,28,1,2015
2015-01-29,BTC,USD,233.76,29,1,2015
2015-01-30,BTC,USD,234.50,30,1,2015
2015-01-31,BTC,USD,229.54,31,1,2015
2015-02-01,BTC,USD,219.92,1,2,2015
2015-02-02,BTC,USD,227.18,2,2,2015
2015-02-03,BTC,USD,237.34,3,2,2015
2015-02-04,BTC,USD,226.17,4,2,2015
2015-02-05,BTC,USD,223.20,5,2,2015
2015-02-06,BTC,USD,220.52,6,2,2015
2015-02-07,BTC,USD,226.90,7,2,2015
2015-02-08,BTC,USD,225.96,8,2,2015
2015-02-09,BTC,USD,221.79,9,2,2015
2015-02-10,BTC,USD,219.07,10,2,2015
2015-02-11,BTC,USD,222.09,11,2,2015
2015-02-12,BTC,USD,221.30,12,2,2015
2015-02-13,BTC,USD,233.31,13,2,2015
2015-02-14,BTC,USD,247.08,14,2,2015
2015-02-15,BTC,USD,250.16,15,2,2015
2015-02-16,BTC,USD,235.22,16,2,2015
2015-02-17,BTC,USD,239.35,17,2,2015
2015-02-18,BTC,USD,240.93,18,2,2015
2015-02-19,BTC,USD,239.11,19,2,2015
2015-02-20,BTC,USD,244.79,20,2,2015
2015-02-21,BTC,USD,245.95,21,2,2015
2015-02-22,BTC,USD,242.76,22,2,2015
2015-02-23,BTC,USD,237.69,23,2,2015
2015-02-24,BTC,USD,239.48,24,2,2015
2015-02-25,BTC,USD,238.93,25,2,2015
2015-02-26,BTC,USD,237.38,26,2,2015
2015-02-27,BTC,USD,251.17,27,2,2015
2015-02-28,BTC,USD,253.76,28,2,2015
2015-03-01,BTC,USD,252.80,1,3,2015
2015-03-02,BTC,USD,263.78,2,3,2015
2015-03-03,BTC,USD,276.77,3,3,2015
2015-03-04,BTC,USD,279.98,4,3,2015
2015-03-05,BTC,USD,271.18,5,3,2015
2015-03-06,BTC,USD,273.93,6,3,2015
2015-03-07,BTC,USD,274.09,7,3,2015
2015-03-08,BTC,USD,275.72,8,3,2015
2015-03-09,BTC,USD,282.72,9,3,2015
2015-03-10,BTC,USD,295.12,10,3,2015
2015-03-11,BTC,USD,294.83,11,3,2015
2015-03-12,BTC,USD,295.29,12,3,2015
2015-03-13,BTC,USD,291.44,13,3,2015
2015-03-14,BTC,USD,285.33,14,3,2015
2015-03-15,BTC,USD,286.37,15,3,2015
2015-03-16,BTC,USD,292.80,16,3,2015
2015-03-17,BTC,USD,290.68,17,3,2015
2015-03-18,BTC,USD,275.56,18,3,2015
2015-03-19,BTC,USD,259.88,19,3,2015
2015-03-20,BTC,USD,263.27,20,3,2015
2015-03-21,BTC,USD,261.36,21,3,2015
2015-03-22,BTC,USD,263.08,22,3,2015
2015-03-23,BTC,USD,269.23,23,3,2015
2015-03-24,BTC,USD,249.36,24,3,2015
2015-03-25,BTC,USD,246.03,25,3,2015
2015-03-26,BTC,USD,250.08,26,3,2015
2015-03-27,BTC,USD,248.87,27,3,2015
2015-03-28,BTC,USD,252.43,28,3,2015
2015-03-29,BTC,USD,246.51,29,3,2015
2015-03-30,BTC,USD,246.37,30,3,2015
2015-03-31,BTC,USD,246.60,31,3,2015
2015-04-01,BTC,USD,244.92,1,4,2015
2015-04-02,BTC,USD,249.40,2,4,2015
2015-04-03,BTC,USD,254.90,3,4,2015
2015-04-04,BTC,USD,253.89,4,4,2015
2015-04-05,BTC,USD,255.95,5,4,2015
2015-04-06,BTC,USD,259.32,6,4,2015
2015-04-07,BTC,USD,255.68,7,4,2015
2015-04-08,BTC,USD,250.47,8,4,2015
2015-04-09,BTC,USD,244.90,9,4,2015
2015-04-10,BTC,USD,239.08,10,4,2015
2015-04-11,BTC,USD,237.02,11,4,2015
2015-04-12,BTC,USD,237.62,12,4,2015
2015-04-13,BTC,USD,233.85,13,4,2015
2015-04-14,BTC,USD,221.64,14,4,2015
2015-04-15,BTC,USD,222.32,15,4,2015
2015-04-16,BTC,USD,227.82,16,4,2015
2015-04-17,BTC,USD,225.04,17,4,2015
2015-04-18,BTC,USD,223.47,18,4,2015
2015-04-19,BTC,USD,224.73,19,4,2015
2015-04-20,BTC,USD,225.13,20,4,2015
2015-04-21,BTC,USD,227.19,21,4,2015
2015-04-22,BTC,USD,236.04,22,4,2015
2015-04-23,BTC,USD,234.93,23,4,2015
2015-04-24,BTC,USD,232.47,24,4,2015
2015-04-25,BTC,USD,229.64,25,4,2015
2015-04-26,BTC,USD,220.34,26,4,2015
2015-04-27,BTC,USD,222.16,27,4,2015
2015-04-28,BTC,USD,225.51,28,4,2015
2015-04-29,BTC,USD,225.04,29,4,2015
2015-04-30,BTC,USD,231.76,30,4,2015
2015-05-01,BTC,USD,235.97,1,5,2015
2015-05-02,BTC,USD,235.31,2,5,2015
2015-05-03,BTC,USD,239.73,3,5,2015
2015-05-04,BTC,USD,240.63,4,5,2015
2015-05-05,BTC,USD,235.99,5,5,2015
2015-05-06,BTC,USD,234.99,6,5,2015
2015-05-07,BTC,USD,232.53,7,5,2015
2015-05-08,BTC,USD,240.34,8,5,2015
2015-05-09,BTC,USD,243.45,9,5,2015
2015-05-10,BTC,USD,242.25,10,5,2015
2015-05-11,BTC,USD,242.19,11,5,2015
2015-05-12,BTC,USD,242.21,12,5,2015
2015-05-13,BTC,USD,242.81,13,5,2015
2015-05-14,BTC,USD,237.29,14,5,2015
2015-05-15,BTC,USD,237.95,15,5,2015
2015-05-16,BTC,USD,237.36,16,5,2015
2015-05-17,BTC,USD,237.38,17,5,2015
2015-05-18,BTC,USD,236.54,18,5,2015
2015-05-19,BTC,USD,233.51,19,5,2015
2015-05-20,BTC,USD,233.93,20,5,2015
2015-05-21,BTC,USD,235.59,21,5,2015
2015-05-22,BTC,USD,237.68,22,5,2015
2015-05-23,BTC,USD,239.78,23,5,2015
2015-05-24,BTC,USD,240.14,24,5,2015
2015-05-25,BTC,USD,238.88,25,5,2015
2015-05-26,BTC,USD,237.60,26,5,2015
2015-05-27,BTC,USD,237.70,27,5,2015
2015-05-28,BTC,USD,237.38,28,5,2015
2015-05-29,BTC,USD,236.85,29,5,2015
2015-05-30,BTC,USD,234.16,30,5,2015
2015-05-31,BTC,USD,232.59,31,5,2015
2015-06-01,BTC,USD,227.49,1,6,2015
2015-06-02,BTC,USD,224.65,2,6,2015
2015-06-03,BTC,USD,226.06,3,6,2015
2015-06-04,BTC,USD,225.34,4,6,2015
2015-06-05,BTC,USD,224.83,5,6,2015
2015-06-06,BTC,USD,225.02,6,6,2015
2015-06-07,BTC,USD,224.75,7,6,2015
2015-06-08,BTC,USD,226.43,8,6,2015
2015-06-09,BTC,USD,229.99,9,6,2015
2015-06-10,BTC,USD,229.16,10,6,2015
2015-06-11,BTC,USD,229.75,11,6,2015
2015-06-12,BTC,USD,230.06,12,6,2015
2015-06-13,BTC,USD,230.78,13,6,2015
2015-06-14,BTC,USD,233.90,14,6,2015
2015-06-15,BTC,USD,235.86,15,6,2015
2015-06-16,BTC,USD,242.28,16,6,2015
2015-06-17,BTC,USD,251.61,17,6,2015
2015-06-18,BTC,USD,249.27,18,6,2015
2015-06-19,BTC,USD,248.75,19,6,2015
2015-06-20,BTC,USD,243.93,20,6,2015
2015-06-21,BTC,USD,244.60,21,6,2015
2015-06-22,BTC,USD,246.19,22,6,2015
2015-06-23,BTC,USD,245.33,23,6,2015
2015-06-24,BTC,USD,242.61,24,6,2015
2015-06-25,BTC,USD,241.86,25,6,2015
2015-06-26,BTC,USD,242.01,26,6,2015
2015-06-27,BTC,USD,245.82,27,6,2015
2015-06-28,BTC,USD,250.01,28,6,2015
2015-06-29,BTC,USD,253.43,29,6,2015
2015-06-30,BTC,USD,263.04,30,6,2015
2015-07-01,BTC,USD,259.56,1,7,2015
2015-07-02,BTC,USD,257.24,2,7,2015
2015-07-03,BTC,USD,255.28,3,7,2015
2015-07-04,BTC,USD,257.13,4,7,2015
2015-07-05,BTC,USD,264.01,5,7,2015
2015-07-06,BTC,USD,272.59,6,7,2015
2015-07-07,BTC,USD,268.47,7,7,2015
2015-07-08,BTC,USD,269.17,8,7,2015
2015-07-09,BTC,USD,270.29,9,7,2015
2015-07-10,BTC,USD,281.24,10,7,2015
2015-07-11,BTC,USD,291.97,11,7,2015
2015-07-12,BTC,USD,305.61,12,7,2015
2015-07-13,BTC,USD,295.38,13,7,2015
2015-07-14,BTC,USD,290.83,14,7,2015
2015-07-15,BTC,USD,291.24,15,7,2015
2015-07-16,BTC,USD,282.64,16,7,2015
2015-07-17,BTC,USD,277.88,17,7,2015
2015-07-18,BTC,USD,279.07,18,7,2015
2015-07-19,BTC,USD,276.84,19,7,2015
2015-07-20,BTC,USD,277.58,20,7,2015
2015-07-21,BTC,USD,279.73,21,7,2015
2015-07-22,BTC,USD,276.99,22,7,2015
2015-07-23,BTC,USD,277.64,23,7,2015
2015-07-24,BTC,USD,283.49,24,7,2015
2015-07-25,BTC,USD,289.16,25,7,2015
2015-07-26,BTC,USD,291.41,26,7,2015
2015-07-27,BTC,USD,291.63,27,7,2015
2015-07-28,BTC,USD,296.10,28,7,2015
2015-07-29,BTC,USD,292.06,29,7,2015
2015-07-30,BTC,USD,288.63,30,7,2015
2015-07-31,BTC,USD,285.79,31,7,2015
2015-08-01,BTC,USD,281.26,1,8,2015
2015-08-02,BTC,USD,280.53,2,8,2015
2015-08-03,BTC,USD,283.15,3,8,2015
2015-08-04,BTC,USD,284.52,4,8,2015
2015-08-05,BTC,USD,283.71,5,8,2015
2015-08-06,BTC,USD,280.35,6,8,2015
2015-08-07,BTC,USD,279.52,7,8,2015
2015-08-08,BTC,USD,274.00,8,8,2015
2015-08-09,BTC,USD,265.09,9,8,2015
2015-08-10,BTC,USD,265.86,10,8,2015
2015-08-11,BTC,USD,266.77,11,8,2015
2015-08-12,BTC,USD,269.14,12,8,2015
2015-08-13,BTC,USD,265.15,13,8,2015
2015-08-14,BTC,USD,265.75,14,8,2015
2015-08-15,BTC,USD,266.39,15,8,2015
2015-08-16,BTC,USD,260.10,16,8,2015
2015-08-17,BTC,USD,258.60,17,8,2015
2015-08-18,BTC,USD,254.05,18,8,2015
2015-08-19,BTC,USD,232.71,19,8,2015
2015-08-20,BTC,USD,233.65,20,8,2015
2015-08-21,BTC,USD,234.51,21,8,2015
2015-08-22,BTC,USD,230.64,22,8,2015
2015-08-23,BTC,USD,230.37,23,8,2015
2015-08-24,BTC,USD,220.90,24,8,2015
2015-08-25,BTC,USD,216.01,25,8,2015
2015-08-26,BTC,USD,226.25,26,8,2015
2015-08-27,BTC,USD,226.52,27,8,2015
2015-08-28,BTC,USD,228.44,28,8,2015
2015-08-29,BTC,USD,230.62,29,8,2015
2015-08-30,BTC,USD,229.39,30,8,2015
2015-08-31,BTC,USD,229.55,31,8,2015
2015-09-01,BTC,USD,228.90,1,9,2015
2015-09-02,BTC,USD,227.83,2,9,2015
2015-09-03,BTC,USD,228.24,3,9,2015
2015-09-04,BTC,USD,229.90,4,9,2015
2015-09-05,BTC,USD,233.08,5,9,2015
2015-09-06,BTC,USD,240.77,6,9,2015
2015-09-07,BTC,USD,241.03,7,9,2015
2015-09-08,BTC,USD,243.84,8,9,2015
2015-09-09,BTC,USD,241.23,9,9,2015
2015-09-10,BTC,USD,239.07,10,9,2015
2015-09-11,BTC,USD,240.57,11,9,2015
2015-09-12,BTC,USD,239.14,12,9,2015
2015-09-13,BTC,USD,233.75,13,9,2015
2015-09-14,BTC,USD,231.08,14,9,2015
2015-09-15,BTC,USD,231.27,15,9,2015
2015-09-16,BTC,USD,229.42,16,9,2015
2015-09-17,BTC,USD,231.35,17,9,2015
2015-09-18,BTC,USD,233.48,18,9,2015
2015-09-19,BTC,USD,232.98,19,9,2015
2015-09-20,BTC,USD,232.61,20,9,2015
2015-09-21,BTC,USD,228.99,21,9,2015
2015-09-22,BTC,USD,229.76,22,9,2015
2015-09-23,BTC,USD,231.15,23,9,2015
2015-09-24,BTC,USD,232.79,24,9,2015
2015-09-25,BTC,USD,236.01,25,9,2015
2015-09-26,BTC,USD,235.13,26,9,2015
2015-09-27,BTC,USD,234.06,27,9,2015
2015-09-28,BTC,USD,238.17,28,9,2015
2015-09-29,BTC,USD,238.76,29,9,2015
2015-09-30,BTC,USD,237.54,30,9,2015
2015-10-01,BTC,USD,238.10,1,10,2015
2015-10-02,BTC,USD,238.49,2,10,2015
2015-10-03,BTC,USD,239.31,3,10,2015
2015-10-04,BTC,USD,239.77,4,10,2015
2015-10-05,BTC,USD,239.47,5,10,2015
2015-10-06,BTC,USD,243.80,6,10,2015
2015-10-07,BTC,USD,245.74,7,10,2015
2015-10-08,BTC,USD,244.39,8,10,2015
2015-10-09,BTC,USD,244.03,9,10,2015
2015-10-10,BTC,USD,245.14,10,10,2015
2015-10-11,BTC,USD,246.83,11,10,2015
2015-10-12,BTC,USD,247.64,12,10,2015
2015-10-13,BTC,USD,248.60,13,10,2015
2015-10-14,BTC,USD,252.19,14,10,2015
2015-10-15,BTC,USD,255.03,15,10,2015
2015-10-16,BTC,USD,260.27,16,10,2015
2015-10-17,BTC,USD,269.56,17,10,2015
2015-10-18,BTC,USD,268.60,18,10,2015
2015-10-19,BTC,USD,265.17,19,10,2015
2015-10-20,BTC,USD,267.88,20,10,2015
2015-10-21,BTC,USD,269.20,21,10,2015
2015-10-22,BTC,USD,273.13,22,10,2015
2015-10-23,BTC,USD,277.96,23,10,2015
2015-10-24,BTC,USD,281.06,24,10,2015
2015-10-25,BTC,USD,290.27,25,10,2015
2015-10-26,BTC,USD,285.09,26,10,2015
2015-10-27,BTC,USD,292.80,27,10,2015
2015-10-28,BTC,USD,302.03,28,10,2015
2015-10-29,BTC,USD,310.48,29,10,2015
2015-10-30,BTC,USD,326.64,30,10,2015
2015-10-31,BTC,USD,323.95,31,10,2015
2015-11-01,BTC,USD,319.49,1,11,2015
2015-11-02,BTC,USD,339.13,2,11,2015
2015-11-03,BTC,USD,386.58,3,11,2015
2015-11-04,BTC,USD,450.32,4,11,2015
2015-11-05,BTC,USD,399.88,5,11,2015
2015-11-06,BTC,USD,372.62,6,11,2015
2015-11-07,BTC,USD,383.99,7,11,2015
2015-11-08,BTC,USD,383.21,8,11,2015
2015-11-09,BTC,USD,375.35,9,11,2015
2015-11-10,BTC,USD,365.57,10,11,2015
2015-11-11,BTC,USD,316.13,11,11,2015
2015-11-12,BTC,USD,328.57,12,11,2015
2015-11-13,BTC,USD,334.60,13,11,2015
2015-11-14,BTC,USD,334.66,14,11,2015
2015-11-15,BTC,USD,330.70,15,11,2015
2015-11-16,BTC,USD,323.91,16,11,2015
2015-11-17,BTC,USD,335.73,17,11,2015
2015-11-18,BTC,USD,334.38,18,11,2015
2015-11-19,BTC,USD,331.45,19,11,2015
2015-11-20,BTC,USD,320.41,20,11,2015
2015-11-21,BTC,USD,324.77,21,11,2015
2015-11-22,BTC,USD,324.49,22,11,2015
2015-11-23,BTC,USD,323.59,23,11,2015
2015-11-24,BTC,USD,321.56,24,11,2015
2015-11-25,BTC,USD,323.80,25,11,2015
2015-11-26,BTC,USD,342.90,26,11,2015
2015-11-27,BTC,USD,356.20,27,11,2015
2015-11-28,BTC,USD,355.23,28,11,2015
2015-11-29,BTC,USD,360.54,29,11,2015
2015-11-30,BTC,USD,376.35,30,11,2015
2015-12-01,BTC,USD,367.73,1,12,2015
2015-12-02,BTC,USD,355.98,2,12,2015
2015-12-03,BTC,USD,362.75,3,12,2015
2015-12-04,BTC,USD,361.10,4,12,2015
2015-12-05,BTC,USD,375.23,5,12,2015
2015-12-06,BTC,USD,392.07,6,12,2015
2015-12-07,BTC,USD,392.18,7,12,2015
2015-12-08,BTC,USD,395.07,8,12,2015
2015-12-09,BTC,USD,415.62,9,12,2015
2015-12-10,BTC,USD,415.38,10,12,2015
2015-12-11,BTC,USD,432.88,11,12,2015
2015-12-12,BTC,USD,433.44,12,12,2015
2015-12-13,BTC,USD,436.30,13,12,2015
2015-12-14,BTC,USD,441.52,14,12,2015
2015-12-15,BTC,USD,457.13,15,12,2015
2015-12-16,BTC,USD,455.49,16,12,2015
2015-12-17,BTC,USD,453.57,17,12,2015
2015-12-18,BTC,USD,459.22,18,12,2015
2015-12-19,BTC,USD,462.52,19,12,2015
2015-12-20,BTC,USD,452.47,20,12,2015
2015-12-21,BTC,USD,436.51,21,12,2015
2015-12-22,BTC,USD,437.20,22,12,2015
2015-12-23,BTC,USD,438.92,23,12,2015
2015-12-24,BTC,USD,455.09,24,12,2015
2015-12-25,BTC,USD,455.57,25,12,2015
2015-12-26,BTC,USD,434.10,26,12,2015
2015-12-27,BTC,USD,422.54,27,12,2015
2015-12-28,BTC,USD,425.32,28,12,2015
2015-12-29,BTC,USD,425.43,29,12,2015
2015-12-30,BTC,USD,430.23,30,12,2015
2015-12-31,BTC,USD,427.19,31,12,2015
2016-01-01,BTC,USD,433.28,1,1,2016
2016-01-02,BTC,USD,435.06,2,1,2016
2016-01-03,BTC,USD,431.40,3,1,2016
2016-01-04,BTC,USD,433.62,4,1,2016
2016-01-05,BTC,USD,433.37,5,1,2016
2016-01-06,BTC,USD,431.95,6,1,2016
2016-01-07,BTC,USD,449.95,7,1,2016
2016-01-08,BTC,USD,456.35,8,1,2016
2016-01-09,BTC,USD,452.01,9,1,2016
2016-01-10,BTC,USD,446.77,10,1,2016
2016-01-11,BTC,USD,448.97,11,1,2016
2016-01-12,BTC,USD,447.12,12,1,2016
2016-01-13,BTC,USD,431.39,13,1,2016
2016-01-14,BTC,USD,431.94,14,1,2016
2016-01-15,BTC,USD,400.05,15,1,2016
2016-01-16,BTC,USD,371.20,16,1,2016
2016-01-17,BTC,USD,384.11,17,1,2016
2016-01-18,BTC,USD,380.44,18,1,2016
2016-01-19,BTC,USD,381.19,19,1,2016
2016-01-20,BTC,USD,391.16,20,1,2016
2016-01-21,BTC,USD,413.31,21,1,2016
2016-01-22,BTC,USD,394.17,22,1,2016
2016-01-23,BTC,USD,390.07,23,1,2016
2016-01-24,BTC,USD,396.87,24,1,2016
2016-01-25,BTC,USD,396.20,25,1,2016
2016-01-26,BTC,USD,393.23,26,1,2016
2016-01-27,BTC,USD,394.35,27,1,2016
2016-01-28,BTC,USD,384.35,28,1,2016
2016-01-29,BTC,USD,376.84,29,1,2016
2016-01-30,BTC,USD,379.20,30,1,2016
2016-01-31,BTC,USD,379.69,31,1,2016
2016-02-01,BTC,USD,373.12,1,2,2016
2016-02-02,BTC,USD,372.88,2,2,2016
2016-02-03,BTC,USD,371.07,3,2,2016
2016-02-04,BTC,USD,377.23,4,2,2016
2016-02-05,BTC,USD,385.98,5,2,2016
2016-02-06,BTC,USD,375.85,6,2,2016
2016-02-07,BTC,USD,376.57,7,2,2016
2016-02-08,BTC,USD,376.09,8,2,2016
2016-02-09,BTC,USD,371.98,9,2,2016
2016-02-10,BTC,USD,376.13,10,2,2016
2016-02-11,BTC,USD,375.45,11,2,2016
2016-02-12,BTC,USD,380.02,12,2,2016
2016-02-13,BTC,USD,388.42,13,2,2016
2016-02-14,BTC,USD,399.11,14,2,2016
2016-02-15,BTC,USD,402.38,15,2,2016
2016-02-16,BTC,USD,403.10,16,2,2016
2016-02-17,BTC,USD,414.18,17,2,2016
2016-02-18,BTC,USD,419.68,18,2,2016
2016-02-19,BTC,USD,419.56,19,2,2016
2016-02-20,BTC,USD,431.15,20,2,2016
2016-02-21,BTC,USD,438.13,21,2,2016
2016-02-22,BTC,USD,436.23,22,2,2016
2016-02-23,BTC,USD,426.91,23,2,2016
2016-02-24,BTC,USD,421.14,24,2,2016
2016-02-25,BTC,USD,422.99,25,2,2016
2016-02-26,BTC,USD,423.37,26,2,2016
2016-02-27,BTC,USD,432.11,27,2,2016
2016-02-28,BTC,USD,429.68,28,2,2016
2016-02-29,BTC,USD,436.19,29,2,2016
2016-03-01,BTC,USD,433.62,1,3,2016
2016-03-02,BTC,USD,430.93,2,3,2016
2016-03-03,BTC,USD,418.32,3,3,2016
2016-03-04,BTC,USD,417.49,4,3,2016
2016-03-05,BTC,USD,398.44,5,3,2016
2016-03-06,BTC,USD,401.82,6,3,2016
2016-03-07,BTC,USD,407.43,7,3,2016
2016-03-08,BTC,USD,412.02,8,3,2016
2016-03-09,BTC,USD,411.37,9,3,2016
2016-03-10,BTC,USD,413.52,10,3,2016
2016-03-11,BTC,USD,418.74,11,3,2016
2016-03-12,BTC,USD,413.76,12,3,2016
2016-03-13,BTC,USD,413.11,13,3,2016
2016-03-14,BTC,USD,413.71,14,3,2016
2016-03-15,BTC,USD,415.20,15,3,2016
2016-03-16,BTC,USD,415.04,16,3,2016
2016-03-17,BTC,USD,418.19,17,3,2016
2016-03-18,BTC,USD,412.90,18,3,2016
2016-03-19,BTC,USD,408.54,19,3,2016
2016-03-20,BTC,USD,411.48,20,3,2016
2016-03-21,BTC,USD,409.61,21,3,2016
2016-03-22,BTC,USD,415.75,22,3,2016
2016-03-23,BTC,USD,417.11,23,3,2016
2016-03-24,BTC,USD,415.79,24,3,2016
2016-03-25,BTC,USD,414.84,25,3,2016
2016-03-26,BTC,USD,416.55,26,3,2016
2016-03-27,BTC,USD,419.87,27,3,2016
2016-03-28,BTC,USD,422.78,28,3,2016
2016-03-29,BTC,USD,418.37,29,3,2016
2016-03-30,BTC,USD,413.27,30,3,2016
2016-03-31,BTC,USD,415.23,31,3,2016
2016-04-01,BTC,USD,416.25,1,4,2016
2016-04-02,BTC,USD,419.49,2,4,2016
2016-04-03,BTC,USD,419.70,3,4,2016
2016-04-04,BTC,USD,419.44,4,4,2016
2016-04-05,BTC,USD,421.55,5,4,2016
2016-04-06,BTC,USD,422.04,6,4,2016
2016-04-07,BTC,USD,421.49,7,4,2016
2016-04-08,BTC,USD,422.28,8,4,2016
2016-04-09,BTC,USD,418.46,9,4,2016
2016-04-10,BTC,USD,421.92,10,4,2016
2016-04-11,BTC,USD,422.62,11,4,2016
2016-04-12,BTC,USD,426.77,12,4,2016
2016-04-13,BTC,USD,426.62,13,4,2016
2016-04-14,BTC,USD,425.84,14,4,2016
2016-04-15,BTC,USD,428.74,15,4,2016
2016-04-16,BTC,USD,432.42,16,4,2016
2016-04-17,BTC,USD,432.72,17,4,2016
2016-04-18,BTC,USD,430.60,18,4,2016
2016-04-19,BTC,USD,431.22,19,4,2016
2016-04-20,BTC,USD,439.03,20,4,2016
2016-04-21,BTC,USD,445.71,21,4,2016
2016-04-22,BTC,USD,448.35,22,4,2016
2016-04-23,BTC,USD,450.03,23,4,2016
2016-04-24,BTC,USD,459.18,24,4,2016
2016-04-25,BTC,USD,464.31,25,4,2016
2016-04-26,BTC,USD,468.42,26,4,2016
2016-04-27,BTC,USD,461.95,27,4,2016
2016-04-28,BTC,USD,446.50,28,4,2016
2016-04-29,BTC,USD,452.87,29,4,2016
2016-04-30,BTC,USD,456.00,30,4,2016
2016-05-01,BTC,USD,455.33,1,5,2016
2016-05-02,BTC,USD,449.24,2,5,2016
2016-05-03,BTC,USD,448.76,3,5,2016
2016-05-04,BTC,USD,449.58,4,5,2016
2016-05-05,BTC,USD,449.43,5,5,2016
2016-05-06,BTC,USD,454.17,6,5,2016
2016-05-07,BTC,USD,461.47,7,5,2016
2016-05-08,BTC,USD,461.11,8,5,2016
2016-05-09,BTC,USD,461.90,9,5,2016
2016-05-10,BTC,USD,457.60,10,5,2016
2016-05-11,BTC,USD,455.73,11,5,2016
2016-05-12,BTC,USD,452.55,12,5,2016
2016-05-13,BTC,USD,456.21,13,5,2016
2016-05-14,BTC,USD,457.87,14,5,2016
2016-05-15,BTC,USD,460.34,15,5,2016
2016-05-16,BTC,USD,458.62,16,5,2016
2016-05-17,BTC,USD,455.61,17,5,2016
2016-05-18,BTC,USD,456.25,18,5,2016
2016-05-19,BTC,USD,450.70,19,5,2016
2016-05-20,BTC,USD,443.03,20,5,2016
2016-05-21,BTC,USD,445.60,21,5,2016
2016-05-22,BTC,USD,444.66,22,5,2016
2016-05-23,BTC,USD,443.74,23,5,2016
2016-05-24,BTC,USD,446.46,24,5,2016
2016-05-25,BTC,USD,449.91,25,5,2016
2016-05-26,BTC,USD,452.19,26,5,2016
2016-05-27,BTC,USD,470.50,27,5,2016
2016-05-28,BTC,USD,496.07,28,5,2016
2016-05-29,BTC,USD,521.82,29,5,2016
2016-05-30,BTC,USD,531.41,30,5,2016
2016-05-31,BTC,USD,533.70,31,5,2016
2016-06-01,BTC,USD,533.57,1,6,2016
2016-06-02,BTC,USD,536.26,2,6,2016
2016-06-03,BTC,USD,555.42,3,6,2016
2016-06-04,BTC,USD,576.83,4,6,2016
2016-06-05,BTC,USD,578.02,5,6,2016
2016-06-06,BTC,USD,583.14,6,6,2016
2016-06-07,BTC,USD,582.87,7,6,2016
2016-06-08,BTC,USD,580.26,8,6,2016
2016-06-09,BTC,USD,579.23,9,6,2016
2016-06-10,BTC,USD,577.85,10,6,2016
2016-06-11,BTC,USD,586.42,11,6,2016
2016-06-12,BTC,USD,642.92,12,6,2016
2016-06-13,BTC,USD,692.17,13,6,2016
2016-06-14,BTC,USD,687.54,14,6,2016
2016-06-15,BTC,USD,685.55,15,6,2016
2016-06-16,BTC,USD,743.23,16,6,2016
2016-06-17,BTC,USD,753.41,17,6,2016
2016-06-18,BTC,USD,756.32,18,6,2016
2016-06-19,BTC,USD,759.23,19,6,2016
2016-06-20,BTC,USD,751.39,20,6,2016
2016-06-21,BTC,USD,681.47,21,6,2016
2016-06-22,BTC,USD,653.84,22,6,2016
2016-06-23,BTC,USD,597.21,23,6,2016
2016-06-24,BTC,USD,666.78,24,6,2016
2016-06-25,BTC,USD,681.02,25,6,2016
2016-06-26,BTC,USD,652.55,26,6,2016
2016-06-27,BTC,USD,647.79,27,6,2016
2016-06-28,BTC,USD,651.79,28,6,2016
2016-06-29,BTC,USD,638.28,29,6,2016
2016-06-30,BTC,USD,672.80,30,6,2016
2016-07-01,BTC,USD,680.66,1,7,2016
2016-07-02,BTC,USD,702.12,2,7,2016
2016-07-03,BTC,USD,666.93,3,7,2016
2016-07-04,BTC,USD,679.54,4,7,2016
2016-07-05,BTC,USD,669.32,5,7,2016
2016-07-06,BTC,USD,677.63,6,7,2016
2016-07-07,BTC,USD,640.65,7,7,2016
2016-07-08,BTC,USD,665.45,8,7,2016
2016-07-09,BTC,USD,658.61,9,7,2016
2016-07-10,BTC,USD,652.02,10,7,2016
2016-07-11,BTC,USD,651.21,11,7,2016
2016-07-12,BTC,USD,671.61,12,7,2016
2016-07-13,BTC,USD,660.53,13,7,2016
2016-07-14,BTC,USD,661.54,14,7,2016
2016-07-15,BTC,USD,667.91,15,7,2016
2016-07-16,BTC,USD,666.37,16,7,2016
2016-07-17,BTC,USD,679.28,17,7,2016
2016-07-18,BTC,USD,675.85,18,7,2016
2016-07-19,BTC,USD,673.81,19,7,2016
2016-07-20,BTC,USD,667.51,20,7,2016
2016-07-21,BTC,USD,667.65,21,7,2016
2016-07-22,BTC,USD,653.28,22,7,2016
2016-07-23,BTC,USD,658.10,23,7,2016
2016-07-24,BTC,USD,660.62,24,7,2016
2016-07-25,BTC,USD,657.71,25,7,2016
2016-07-26,BTC,USD,656.77,26,7,2016
2016-07-27,BTC,USD,656.81,27,7,2016
2016-07-28,BTC,USD,657.14,28,7,2016
2016-07-29,BTC,USD,657.29,29,7,2016
2016-07-30,BTC,USD,656.06,30,7,2016
2016-07-31,BTC,USD,630.23,31,7,2016
2016-08-01,BTC,USD,602.34,1,8,2016
2016-08-02,BTC,USD,511.90,2,8,2016
2016-08-03,BTC,USD,573.15,3,8,2016
2016-08-04,BTC,USD,587.03,4,8,2016
2016-08-05,BTC,USD,582.63,5,8,2016
2016-08-06,BTC,USD,590.53,6,8,2016
2016-08-07,BTC,USD,595.25,7,8,2016
2016-08-08,BTC,USD,592.02,8,8,2016
2016-08-09,BTC,USD,588.43,9,8,2016
2016-08-10,BTC,USD,593.54,10,8,2016
2016-08-11,BTC,USD,589.03,11,8,2016
2016-08-12,BTC,USD,587.82,12,8,2016
2016-08-13,BTC,USD,586.16,13,8,2016
2016-08-14,BTC,USD,571.95,14,8,2016
2016-08-15,BTC,USD,568.03,15,8,2016
2016-08-16,BTC,USD,572.91,16,8,2016
2016-08-17,BTC,USD,576.59,17,8,2016
2016-08-18,BTC,USD,575.14,18,8,2016
2016-08-19,BTC,USD,574.88,19,8,2016
2016-08-20,BTC,USD,578.35,20,8,2016
2016-08-21,BTC,USD,581.98,21,8,2016
2016-08-22,BTC,USD,582.57,22,8,2016
2016-08-23,BTC,USD,583.23,23,8,2016
2016-08-24,BTC,USD,579.76,24,8,2016
2016-08-25,BTC,USD,575.37,25,8,2016
2016-08-26,BTC,USD,577.74,26,8,2016
2016-08-27,BTC,USD,574.22,27,8,2016
2016-08-28,BTC,USD,572.37,28,8,2016
2016-08-29,BTC,USD,574.14,29,8,2016
2016-08-30,BTC,USD,575.06,30,8,2016
2016-08-31,BTC,USD,572.53,31,8,2016
2016-09-01,BTC,USD,571.60,1,9,2016
2016-09-02,BTC,USD,573.38,2,9,2016
2016-09-03,BTC,USD,580.49,3,9,2016
2016-09-04,BTC,USD,606.49,4,9,2016
2016-09-05,BTC,USD,607.56,5,9,2016
2016-09-06,BTC,USD,608.93,6,9,2016
2016-09-07,BTC,USD,613.24,7,9,2016
2016-09-08,BTC,USD,623.09,8,9,2016
2016-09-09,BTC,USD,622.94,9,9,2016
2016-09-10,BTC,USD,623.44,10,9,2016
2016-09-11,BTC,USD,620.97,11,9,2016
2016-09-12,BTC,USD,607.20,12,9,2016
2016-09-13,BTC,USD,608.03,13,9,2016
2016-09-14,BTC,USD,609.59,14,9,2016
2016-09-15,BTC,USD,608.03,15,9,2016
2016-09-16,BTC,USD,606.86,16,9,2016
2016-09-17,BTC,USD,607.59,17,9,2016
2016-09-18,BTC,USD,609.06,18,9,2016
2016-09-19,BTC,USD,610.04,19,9,2016
2016-09-20,BTC,USD,608.82,20,9,2016
2016-09-21,BTC,USD,597.85,21,9,2016
2016-09-22,BTC,USD,596.88,22,9,2016
2016-09-23,BTC,USD,599.28,23,9,2016
2016-09-24,BTC,USD,603.88,24,9,2016
2016-09-25,BTC,USD,602.32,25,9,2016
2016-09-26,BTC,USD,605.25,26,9,2016
2016-09-27,BTC,USD,605.13,27,9,2016
2016-09-28,BTC,USD,604.73,28,9,2016
2016-09-29,BTC,USD,605.49,29,9,2016
2016-09-30,BTC,USD,606.24,30,9,2016
2016-10-01,BTC,USD,613.99,1,10,2016
2016-10-02,BTC,USD,612.84,2,10,2016
2016-10-03,BTC,USD,613.37,3,10,2016
2016-10-04,BTC,USD,610.68,4,10,2016
2016-10-05,BTC,USD,611.68,5,10,2016
2016-10-06,BTC,USD,612.58,6,10,2016
2016-10-07,BTC,USD,615.07,7,10,2016
2016-10-08,BTC,USD,618.95,8,10,2016
2016-10-09,BTC,USD,618.25,9,10,2016
2016-10-10,BTC,USD,617.66,10,10,2016
2016-10-11,BTC,USD,633.44,11,10,2016
2016-10-12,BTC,USD,640.28,12,10,2016
2016-10-13,BTC,USD,636.64,13,10,2016
2016-10-14,BTC,USD,636.92,14,10,2016
2016-10-15,BTC,USD,639.10,15,10,2016
2016-10-16,BTC,USD,641.70,16,10,2016
2016-10-17,BTC,USD,639.74,17,10,2016
2016-10-18,BTC,USD,637.51,18,10,2016
2016-10-19,BTC,USD,632.65,19,10,2016
2016-10-20,BTC,USD,628.55,20,10,2016
2016-10-21,BTC,USD,629.77,21,10,2016
2016-10-22,BTC,USD,639.70,22,10,2016
2016-10-23,BTC,USD,652.12,23,10,2016
2016-10-24,BTC,USD,649.29,24,10,2016
2016-10-25,BTC,USD,653.76,25,10,2016
2016-10-26,BTC,USD,663.91,26,10,2016
2016-10-27,BTC,USD,683.42,27,10,2016
2016-10-28,BTC,USD,687.62,28,10,2016
2016-10-29,BTC,USD,708.61,29,10,2016
2016-10-30,BTC,USD,707.52,30,10,2016
2016-10-31,BTC,USD,700.06,31,10,2016
2016-11-01,BTC,USD,721.59,1,11,2016
2016-11-02,BTC,USD,726.38,2,11,2016
2016-11-03,BTC,USD,724.42,3,11,2016
2016-11-04,BTC,USD,700.93,4,11,2016
2016-11-05,BTC,USD,705.43,5,11,2016
2016-11-06,BTC,USD,713.52,6,11,2016
2016-11-07,BTC,USD,707.97,7,11,2016
2016-11-08,BTC,USD,709.12,8,11,2016
2016-11-09,BTC,USD,727.78,9,11,2016
2016-11-10,BTC,USD,715.26,10,11,2016
2016-11-11,BTC,USD,715.04,11,11,2016
2016-11-12,BTC,USD,710.24,12,11,2016
2016-11-13,BTC,USD,697.19,13,11,2016
2016-11-14,BTC,USD,703.35,14,11,2016
2016-11-15,BTC,USD,711.02,15,11,2016
2016-11-16,BTC,USD,722.76,16,11,2016
2016-11-17,BTC,USD,742.66,17,11,2016
2016-11-18,BTC,USD,742.78,18,11,2016
2016-11-19,BTC,USD,748.62,19,11,2016
2016-11-20,BTC,USD,741.55,20,11,2016
2016-11-21,BTC,USD,734.79,21,11,2016
2016-11-22,BTC,USD,739.67,22,11,2016
2016-11-23,BTC,USD,742.02,23,11,2016
2016-11-24,BTC,USD,738.43,24,11,2016
2016-11-25,BTC,USD,734.43,25,11,2016
2016-11-26,BTC,USD,735.04,26,11,2016
2016-11-27,BTC,USD,733.42,27,11,2016
2016-11-28,BTC,USD,731.59,28,11,2016
2016-11-29,BTC,USD,731.84,29,11,2016
2016-11-30,BTC,USD,738.04,30,11,2016
2016-12-01,BTC,USD,748.61,1,12,2016
2016-12-02,BTC,USD,768.29,2,12,2016
2016-12-03,BTC,USD,765.86,3,12,2016
2016-12-04,BTC,USD,766.20,4,12,2016
2016-12-05,BTC,USD,755.96,5,12,2016
2016-12-06,BTC,USD,757.53,6,12,2016
2016-12-07,BTC,USD,761.72,7,12,2016
2016-12-08,BTC,USD,768.17,8,12,2016
2016-12-09,BTC,USD,770.22,9,12,2016
2016-12-10,BTC,USD,774.63,10,12,2016
2016-12-11,BTC,USD,769.57,11,12,2016
2016-12-12,BTC,USD,776.62,12,12,2016
2016-12-13,BTC,USD,780.73,13,12,2016
2016-12-14,BTC,USD,778.89,14,12,2016
2016-12-15,BTC,USD,778.53,15,12,2016
2016-12-16,BTC,USD,780.09,16,12,2016
2016-12-17,BTC,USD,789.16,17,12,2016
2016-12-18,BTC,USD,790.33,18,12,2016
2016-12-19,BTC,USD,792.76,19,12,2016
2016-12-20,BTC,USD,791.45,20,12,2016
2016-12-21,BTC,USD,814.76,21,12,2016
2016-12-22,BTC,USD,856.14,22,12,2016
2016-12-23,BTC,USD,898.22,23,12,2016
2016-12-24,BTC,USD,901.25,24,12,2016
2016-12-25,BTC,USD,873.31,25,12,2016
2016-12-26,BTC,USD,899.65,26,12,2016
2016-12-27,BTC,USD,916.86,27,12,2016
2016-12-28,BTC,USD,952.36,28,12,2016
2016-12-29,BTC,USD,973.47,29,12,2016
2016-12-30,BTC,USD,955.93,30,12,2016
2016-12-31,BTC,USD,960.78,31,12,2016
2017-01-01,BTC,USD,979.56,1,1,2017
2017-01-02,BTC,USD,1013.13,2,1,2017
2017-01-03,BTC,USD,1019.53,3,1,2017
2017-01-04,BTC,USD,1083.63,4,1,2017
2017-01-05,BTC,USD,1055.36,5,1,2017
2017-01-06,BTC,USD,937.53,6,1,2017
2017-01-07,BTC,USD,877.62,7,1,2017
2017-01-08,BTC,USD,924.49,8,1,2017
2017-01-09,BTC,USD,899.48,9,1,2017
2017-01-10,BTC,USD,906.89,10,1,2017
2017-01-11,BTC,USD,852.30,11,1,2017
2017-01-12,BTC,USD,791.17,12,1,2017
2017-01-13,BTC,USD,812.51,13,1,2017
2017-01-14,BTC,USD,834.84,14,1,2017
2017-01-15,BTC,USD,826.30,15,1,2017
2017-01-16,BTC,USD,834.87,16,1,2017
2017-01-17,BTC,USD,879.99,17,1,2017
2017-01-18,BTC,USD,889.45,18,1,2017
2017-01-19,BTC,USD,897.24,19,1,2017
2017-01-20,BTC,USD,898.51,20,1,2017
2017-01-21,BTC,USD,919.06,21,1,2017
2017-01-22,BTC,USD,928.50,22,1,2017
2017-01-23,BTC,USD,923.55,23,1,2017
2017-01-24,BTC,USD,908.24,24,1,2017
2017-01-25,BTC,USD,897.37,25,1,2017
2017-01-26,BTC,USD,909.23,26,1,2017
2017-01-27,BTC,USD,920.08,27,1,2017
2017-01-28,BTC,USD,924.13,28,1,2017
2017-01-29,BTC,USD,922.76,29,1,2017
2017-01-30,BTC,USD,920.47,30,1,2017
2017-01-31,BTC,USD,944.29,31,1,2017
2017-02-01,BTC,USD,975.59,1,2,2017
2017-02-02,BTC,USD,994.75,2,2,2017
2017-02-03,BTC,USD,1014.16,3,2,2017
2017-02-04,BTC,USD,1019.52,4,2,2017
2017-02-05,BTC,USD,1022.65,5,2,2017
2017-02-06,BTC,USD,1022.32,6,2,2017
2017-02-07,BTC,USD,1043.80,7,2,2017
2017-02-08,BTC,USD,1054.25,8,2,2017
2017-02-09,BTC,USD,1027.61,9,2,2017
2017-02-10,BTC,USD,983.91,10,2,2017
2017-02-11,BTC,USD,1013.77,11,2,2017
2017-02-12,BTC,USD,1012.40,12,2,2017
2017-02-13,BTC,USD,1005.16,13,2,2017
2017-02-14,BTC,USD,1008.49,14,2,2017
2017-02-15,BTC,USD,1012.45,15,2,2017
2017-02-16,BTC,USD,1028.53,16,2,2017
2017-02-17,BTC,USD,1049.92,17,2,2017
2017-02-18,BTC,USD,1066.44,18,2,2017
2017-02-19,BTC,USD,1059.44,19,2,2017
2017-02-20,BTC,USD,1062.84,20,2,2017
2017-02-21,BTC,USD,1104.68,21,2,2017
2017-02-22,BTC,USD,1124.96,22,2,2017
2017-02-23,BTC,USD,1149.44,23,2,2017
2017-02-24,BTC,USD,1187.88,24,2,2017
2017-02-25,BTC,USD,1172.51,25,2,2017
2017-02-26,BTC,USD,1165.41,26,2,2017
2017-02-27,BTC,USD,1189.71,27,2,2017
2017-02-28,BTC,USD,1195.68,28,2,2017
2017-03-01,BTC,USD,1210.37,1,3,2017
2017-03-02,BTC,USD,1245.78,2,3,2017
2017-03-03,BTC,USD,1279.09,3,3,2017
2017-03-04,BTC,USD,1281.62,4,3,2017
2017-03-05,BTC,USD,1267.37,5,3,2017
2017-03-06,BTC,USD,1281.63,6,3,2017
2017-03-07,BTC,USD,1258.84,7,3,2017
2017-03-08,BTC,USD,1196.78,8,3,2017
2017-03-09,BTC,USD,1179.28,9,3,2017
2017-03-10,BTC,USD,1207.92,10,3,2017
2017-03-11,BTC,USD,1181.02,11,3,2017
2017-03-12,BTC,USD,1206.30,12,3,2017
2017-03-13,BTC,USD,1237.88,13,3,2017
2017-03-14,BTC,USD,1247.29,14,3,2017
2017-03-15,BTC,USD,1253.52,15,3,2017
2017-03-16,BTC,USD,1223.74,16,3,2017
2017-03-17,BTC,USD,1130.96,17,3,2017
2017-03-18,BTC,USD,1032.36,18,3,2017
2017-03-19,BTC,USD,1012.91,19,3,2017
2017-03-20,BTC,USD,1035.60,20,3,2017
2017-03-21,BTC,USD,1085.68,21,3,2017
2017-03-22,BTC,USD,1050.92,22,3,2017
2017-03-23,BTC,USD,1035.89,23,3,2017
2017-03-24,BTC,USD,991.87,24,3,2017
2017-03-25,BTC,USD,930.11,25,3,2017
2017-03-26,BTC,USD,974.27,26,3,2017
2017-03-27,BTC,USD,1002.38,27,3,2017
2017-03-28,BTC,USD,1044.62,28,3,2017
2017-03-29,BTC,USD,1035.22,29,3,2017
2017-03-30,BTC,USD,1039.37,30,3,2017
2017-03-31,BTC,USD,1063.29,31,3,2017
2017-04-01,BTC,USD,1090.51,1,4,2017
2017-04-02,BTC,USD,1096.54,2,4,2017
2017-04-03,BTC,USD,1142.60,3,4,2017
2017-04-04,BTC,USD,1148.10,4,4,2017
2017-04-05,BTC,USD,1132.03,5,4,2017
2017-04-06,BTC,USD,1168.38,6,4,2017
2017-04-07,BTC,USD,1192.19,7,4,2017
2017-04-08,BTC,USD,1188.58,8,4,2017
2017-04-09,BTC,USD,1193.85,9,4,2017
2017-04-10,BTC,USD,1211.93,10,4,2017
2017-04-11,BTC,USD,1215.33,11,4,2017
2017-04-12,BTC,USD,1219.22,12,4,2017
2017-04-13,BTC,USD,1189.59,13,4,2017
2017-04-14,BTC,USD,1182.56,14,4,2017
2017-04-15,BTC,USD,1181.14,15,4,2017
2017-04-16,BTC,USD,1182.62,16,4,2017
2017-04-17,BTC,USD,1180.29,17,4,2017
2017-04-18,BTC,USD,1198.86,18,4,2017
2017-04-19,BTC,USD,1201.38,19,4,2017
2017-04-20,BTC,USD,1225.44,20,4,2017
2017-04-21,BTC,USD,1247.61,21,4,2017
2017-04-22,BTC,USD,1245.55,22,4,2017
2017-04-23,BTC,USD,1247.24,23,4,2017
2017-04-24,BTC,USD,1252.79,24,4,2017
2017-04-25,BTC,USD,1273.79,25,4,2017
2017-04-26,BTC,USD,1295.53,26,4,2017
2017-04-27,BTC,USD,1324.20,27,4,2017
2017-04-28,BTC,USD,1340.44,28,4,2017
2017-04-29,BTC,USD,1356.13,29,4,2017
2017-04-30,BTC,USD,1354.00,30,4,2017
2017-05-01,BTC,USD,1425.99,1,5,2017
2017-05-02,BTC,USD,1460.62,2,5,2017
2017-05-03,BTC,USD,1482.54,3,5,2017
2017-05-04,BTC,USD,1572.35,4,5,2017
2017-05-05,BTC,USD,1590.39,5,5,2017
2017-05-06,BTC,USD,1583.39,6,5,2017
2017-05-07,BTC,USD,1591.04,7,5,2017
2017-05-08,BTC,USD,1640.31,8,5,2017
2017-05-09,BTC,USD,1730.58,9,5,2017
2017-05-10,BTC,USD,1758.04,10,5,2017
2017-05-11,BTC,USD,1837.42,11,5,2017
2017-05-12,BTC,USD,1773.71,12,5,2017
2017-05-13,BTC,USD,1715.88,13,5,2017
2017-05-14,BTC,USD,1799.60,14,5,2017
2017-05-15,BTC,USD,1753.66,15,5,2017
2017-05-16,BTC,USD,1745.42,16,5,2017
2017-05-17,BTC,USD,1815.62,17,5,2017
2017-05-18,BTC,USD,1836.45,18,5,2017
2017-05-19,BTC,USD,1937.60,19,5,2017
2017-05-20,BTC,USD,2001.74,20,5,2017
2017-05-21,BTC,USD,2054.40,21,5,2017
2017-05-22,BTC,USD,2168.35,22,5,2017
2017-05-23,BTC,USD,2216.74,23,5,2017
2017-05-24,BTC,USD,2369.27,24,5,2017
2017-05-25,BTC,USD,2609.27,25,5,2017
2017-05-26,BTC,USD,2442.28,26,5,2017
2017-05-27,BTC,USD,2127.08,27,5,2017
2017-05-28,BTC,USD,2228.32,28,5,2017
2017-05-29,BTC,USD,2254.86,29,5,2017
2017-05-30,BTC,USD,2264.58,30,5,2017
2017-05-31,BTC,USD,2249.76,31,5,2017
2017-06-01,BTC,USD,2405.09,1,6,2017
2017-06-02,BTC,USD,2425.63,2,6,2017
2017-06-03,BTC,USD,2523.85,3,6,2017
2017-06-04,BTC,USD,2519.12,4,6,2017
2017-06-05,BTC,USD,2601.94,5,6,2017
2017-06-06,BTC,USD,2833.37,6,6,2017
2017-06-07,BTC,USD,2816.35,7,6,2017
2017-06-08,BTC,USD,2750.54,8,6,2017
2017-06-09,BTC,USD,2823.60,9,6,2017
2017-06-10,BTC,USD,2856.75,10,6,2017
2017-06-11,BTC,USD,2931.42,11,6,2017
2017-06-12,BTC,USD,2821.27,12,6,2017
2017-06-13,BTC,USD,2714.71,13,6,2017
2017-06-14,BTC,USD,2668.42,14,6,2017
2017-06-15,BTC,USD,2351.97,15,6,2017
2017-06-16,BTC,USD,2441.04,16,6,2017
2017-06-17,BTC,USD,2553.42,17,6,2017
2017-06-18,BTC,USD,2566.57,18,6,2017
2017-06-19,BTC,USD,2553.52,19,6,2017
2017-06-20,BTC,USD,2654.44,20,6,2017
2017-06-21,BTC,USD,2690.32,21,6,2017
2017-06-22,BTC,USD,2665.24,22,6,2017
2017-06-23,BTC,USD,2706.14,23,6,2017
2017-06-24,BTC,USD,2656.96,24,6,2017
2017-06-25,BTC,USD,2555.33,25,6,2017
2017-06-26,BTC,USD,2453.07,26,6,2017
2017-06-27,BTC,USD,2395.92,27,6,2017
2017-06-28,BTC,USD,2534.37,28,6,2017
2017-06-29,BTC,USD,2558.06,29,6,2017
2017-06-30,BTC,USD,2513.03,30,6,2017
2017-07-01,BTC,USD,2459.15,1,7,2017
2017-07-02,BTC,USD,2454.95,2,7,2017
2017-07-03,BTC,USD,2521.20,3,7,2017
2017-07-04,BTC,USD,2597.03,4,7,2017
2017-07-05,BTC,USD,2582.30,5,7,2017
2017-07-06,BTC,USD,2600.27,6,7,2017
2017-07-07,BTC,USD,2551.76,7,7,2017
2017-07-08,BTC,USD,2519.18,8,7,2017
2017-07-09,BTC,USD,2551.51,9,7,2017
2017-07-10,BTC,USD,2458.29,10,7,2017
2017-07-11,BTC,USD,2346.78,11,7,2017
2017-07-12,BTC,USD,2338.73,12,7,2017
2017-07-13,BTC,USD,2364.18,13,7,2017
2017-07-14,BTC,USD,2273.42,14,7,2017
2017-07-15,BTC,USD,2082.30,15,7,2017
2017-07-16,BTC,USD,1928.53,16,7,2017
2017-07-17,BTC,USD,2054.37,17,7,2017
2017-07-18,BTC,USD,2271.09,18,7,2017
2017-07-19,BTC,USD,2308.85,19,7,2017
2017-07-20,BTC,USD,2491.19,20,7,2017
2017-07-21,BTC,USD,2717.35,21,7,2017
2017-07-22,BTC,USD,2776.69,22,7,2017
2017-07-23,BTC,USD,2778.44,23,7,2017
2017-07-24,BTC,USD,2759.03,24,7,2017
2017-07-25,BTC,USD,2623.41,25,7,2017
2017-07-26,BTC,USD,2497.65,26,7,2017
2017-07-27,BTC,USD,2569.44,27,7,2017
2017-07-28,BTC,USD,2737.64,28,7,2017
2017-07-29,BTC,USD,2720.58,29,7,2017
2017-07-30,BTC,USD,2688.50,30,7,2017
2017-07-31,BTC,USD,2772.84,31,7,2017
2017-08-01,BTC,USD,2793.68,1,8,2017
2017-08-02,BTC,USD,2714.62,2,8,2017
2017-08-03,BTC,USD,2741.47,3,8,2017
2017-08-04,BTC,USD,2825.34,4,8,2017
2017-08-05,BTC,USD,3139.36,5,8,2017
2017-08-06,BTC,USD,3215.74,6,8,2017
2017-08-07,BTC,USD,3306.79,7,8,2017
2017-08-08,BTC,USD,3420.78,8,8,2017
2017-08-09,BTC,USD,3345.06,9,8,2017
2017-08-10,BTC,USD,3395.13,10,8,2017
2017-08-11,BTC,USD,3518.63,11,8,2017
2017-08-12,BTC,USD,3792.38,12,8,2017
2017-08-13,BTC,USD,4040.66,13,8,2017
2017-08-14,BTC,USD,4178.31,14,8,2017
2017-08-15,BTC,USD,4177.38,15,8,2017
2017-08-16,BTC,USD,4173.17,16,8,2017
2017-08-17,BTC,USD,4347.76,17,8,2017
2017-08-18,BTC,USD,4229.01,18,8,2017
2017-08-19,BTC,USD,4099.44,19,8,2017
2017-08-20,BTC,USD,4106.84,20,8,2017
2017-08-21,BTC,USD,4030.35,21,8,2017
2017-08-22,BTC,USD,3920.57,22,8,2017
2017-08-23,BTC,USD,4149.77,23,8,2017
2017-08-24,BTC,USD,4198.07,24,8,2017
2017-08-25,BTC,USD,4360.30,25,8,2017
2017-08-26,BTC,USD,4319.77,26,8,2017
2017-08-27,BTC,USD,4344.86,27,8,2017
2017-08-28,BTC,USD,4311.72,28,8,2017
2017-08-29,BTC,USD,4471.93,29,8,2017
2017-08-30,BTC,USD,4583.02,30,8,2017
2017-08-31,BTC,USD,4680.83,31,8,2017
2017-09-01,BTC,USD,4811.35,1,9,2017
2017-09-02,BTC,USD,4717.76,2,9,2017
2017-09-03,BTC,USD,4642.76,3,9,2017
2017-09-04,BTC,USD,4483.84,4,9,2017
2017-09-05,BTC,USD,4394.93,5,9,2017
2017-09-06,BTC,USD,4585.14,6,9,2017
2017-09-07,BTC,USD,4591.39,7,9,2017
2017-09-08,BTC,USD,4497.48,8,9,2017
2017-09-09,BTC,USD,4336.78,9,9,2017
2017-09-10,BTC,USD,4249.31,10,9,2017
2017-09-11,BTC,USD,4220.42,11,9,2017
2017-09-12,BTC,USD,4255.71,12,9,2017
2017-09-13,BTC,USD,3932.82,13,9,2017
2017-09-14,BTC,USD,3627.85,14,9,2017
2017-09-15,BTC,USD,3432.03,15,9,2017
2017-09-16,BTC,USD,3778.41,16,9,2017
2017-09-17,BTC,USD,3670.65,17,9,2017
2017-09-18,BTC,USD,3955.28,18,9,2017
2017-09-19,BTC,USD,3968.18,19,9,2017
2017-09-20,BTC,USD,3940.68,20,9,2017
2017-09-21,BTC,USD,3790.36,21,9,2017
2017-09-22,BTC,USD,3630.69,22,9,2017
2017-09-23,BTC,USD,3726.15,23,9,2017
2017-09-24,BTC,USD,3698.49,24,9,2017
2017-09-25,BTC,USD,3825.88,25,9,2017
2017-09-26,BTC,USD,3918.33,26,9,2017
2017-09-27,BTC,USD,4039.56,27,9,2017
2017-09-28,BTC,USD,4192.71,28,9,2017
2017-09-29,BTC,USD,4142.95,29,9,2017
2017-09-30,BTC,USD,4270.07,30,9,2017
2017-10-01,BTC,USD,4312.46,1,10,2017
2017-10-02,BTC,USD,4410.75,2,10,2017
2017-10-03,BTC,USD,4316.92,3,10,2017
2017-10-04,BTC,USD,4252.46,4,10,2017
2017-10-05,BTC,USD,4258.81,5,10,2017
2017-10-06,BTC,USD,4360.58,6,10,2017
2017-10-07,BTC,USD,4354.84,7,10,2017
2017-10-08,BTC,USD,4502.25,8,10,2017
2017-10-09,BTC,USD,4652.18,9,10,2017
2017-10-10,BTC,USD,4817.97,10,10,2017
2017-10-11,BTC,USD,4793.65,11,10,2017
2017-10-12,BTC,USD,5114.90,12,10,2017
2017-10-13,BTC,USD,5618.27,13,10,2017
2017-10-14,BTC,USD,5669.70,14,10,2017
2017-10-15,BTC,USD,5632.24,15,10,2017
2017-10-16,BTC,USD,5681.75,16,10,2017
2017-10-17,BTC,USD,5633.48,17,10,2017
2017-10-18,BTC,USD,5413.48,18,10,2017
2017-10-19,BTC,USD,5657.33,19,10,2017
2017-10-20,BTC,USD,5796.25,20,10,2017
2017-10-21,BTC,USD,6081.29,21,10,2017
2017-10-22,BTC,USD,5930.41,22,10,2017
2017-10-23,BTC,USD,5890.65,23,10,2017
2017-10-24,BTC,USD,5673.49,24,10,2017
2017-10-25,BTC,USD,5558.16,25,10,2017
2017-10-26,BTC,USD,5833.22,26,10,2017
2017-10-27,BTC,USD,5831.85,27,10,2017
2017-10-28,BTC,USD,5778.09,28,10,2017
2017-10-29,BTC,USD,5886.93,29,10,2017
2017-10-30,BTC,USD,6122.78,30,10,2017
2017-10-31,BTC,USD,6248.72,31,10,2017
2017-11-01,BTC,USD,6515.55,1,11,2017
2017-11-02,BTC,USD,6958.41,2,11,2017
2017-11-03,BTC,USD,7244.98,3,11,2017
2017-11-04,BTC,USD,7273.90,4,11,2017
2017-11-05,BTC,USD,7487.22,5,11,2017
2017-11-06,BTC,USD,7237.34,6,11,2017
2017-11-07,BTC,USD,7112.21,7,11,2017
2017-11-08,BTC,USD,7383.67,8,11,2017
2017-11-09,BTC,USD,7246.90,9,11,2017
2017-11-10,BTC,USD,6973.47,10,11,2017
2017-11-11,BTC,USD,6559.79,11,11,2017
2017-11-12,BTC,USD,6100.74,12,11,2017
2017-11-13,BTC,USD,6357.57,13,11,2017
2017-11-14,BTC,USD,6588.64,14,11,2017
2017-11-15,BTC,USD,7055.34,15,11,2017
2017-11-16,BTC,USD,7459.07,16,11,2017
2017-11-17,BTC,USD,7838.79,17,11,2017
2017-11-18,BTC,USD,7716.38,18,11,2017
2017-11-19,BTC,USD,7840.31,19,11,2017
2017-11-20,BTC,USD,8127.15,20,11,2017
2017-11-21,BTC,USD,8184.24,21,11,2017
2017-11-22,BTC,USD,8209.22,22,11,2017
2017-11-23,BTC,USD,8190.45,23,11,2017
2017-11-24,BTC,USD,8188.43,24,11,2017
2017-11-25,BTC,USD,8499.99,25,11,2017
2017-11-26,BTC,USD,9145.14,26,11,2017
2017-11-27,BTC,USD,9670.22,27,11,2017
2017-11-28,BTC,USD,9893.20,28,11,2017
2017-11-29,BTC,USD,10468.49,29,11,2017
2017-11-30,BTC,USD,10000.12,30,11,2017
2017-12-01,BTC,USD,10190.34,1,12,2017
2017-12-02,BTC,USD,10957.67,2,12,2017
2017-12-03,BTC,USD,11323.05,3,12,2017
2017-12-04,BTC,USD,11394.32,4,12,2017
2017-12-05,BTC,USD,11722.52,5,12,2017
2017-12-06,BTC,USD,12738.48,6,12,2017
2017-12-07,BTC,USD,15502.58,7,12,2017
2017-12-08,BTC,USD,16134.83,8,12,2017
2017-12-09,BTC,USD,15564.36,9,12,2017
2017-12-10,BTC,USD,14774.71,10,12,2017
2017-12-11,BTC,USD,16697.32,11,12,2017
2017-12-12,BTC,USD,17130.91,12,12,2017
2017-12-13,BTC,USD,17132.11,13,12,2017
2017-12-14,BTC,USD,16776.59,14,12,2017
2017-12-15,BTC,USD,17549.18,15,12,2017
2017-12-16,BTC,USD,18479.80,16,12,2017
2017-12-17,BTC,USD,19539.22,17,12,2017
2017-12-18,BTC,USD,18877.72,18,12,2017
2017-12-19,BTC,USD,18402.25,19,12,2017
2017-12-20,BTC,USD,16851.81,20,12,2017
2017-12-21,BTC,USD,16334.52,21,12,2017
2017-12-22,BTC,USD,13903.06,22,12,2017
2017-12-23,BTC,USD,15107.54,23,12,2017
2017-12-24,BTC,USD,14154.17,24,12,2017
2017-12-25,BTC,USD,14187.90,25,12,2017
2017-12-26,BTC,USD,15369.31,26,12,2017
2017-12-27,BTC,USD,15572.23,27,12,2017
2017-12-28,BTC,USD,14292.28,28,12,2017
2017-12-29,BTC,USD,14557.47,29,12,2017
2017-12-30,BTC,USD,13597.63,30,12,2017
2017-12-31,BTC,USD,13392.46,31,12,2017
2018-01-01,BTC,USD,13422.72,1,1,2018
2018-01-02,BTC,USD,13908.37,2,1,2018
2018-01-03,BTC,USD,14986.93,3,1,2018
2018-01-04,BTC,USD,14850.02,4,1,2018
2018-01-05,BTC,USD,15784.59,5,1,2018
2018-01-06,BTC,USD,16665.31,6,1,2018
2018-01-07,BTC,USD,16528.49,7,1,2018
2018-01-08,BTC,USD,15325.95,8,1,2018
2018-01-09,BTC,USD,14899.22,9,1,2018
2018-01-10,BTC,USD,14223.24,10,1,2018
2018-01-11,BTC,USD,13718.42,11,1,2018
2018-01-12,BTC,USD,13659.00,12,1,2018
